idSite,site_name,lag,value,ci_low,ci_high
09c_CORYTON_HOLEHAVEN,Coryton (Holehaven),0,1.0,1.0,1.0
09c_CORYTON_HOLEHAVEN,Coryton (Holehaven),1,0.9963548079902858,0.9895157775671616,1.00319383841341
09c_CORYTON_HOLEHAVEN,Coryton (Holehaven),2,-0.9951827852549525,-1.0020218156780767,-0.9883437548318283
09c_CORYTON_HOLEHAVEN,Coryton (Holehaven),3,-0.2418291244368113,-0.2486681548599355,-0.2349900940136871
09c_CORYTON_HOLEHAVEN,Coryton (Holehaven),4,0.13791747280446962,0.13107844238134542,0.1447565032275938
09c_CORYTON_HOLEHAVEN,Coryton (Holehaven),5,0.18208208620554292,0.17524305578241872,0.18892111662866712
09c_CORYTON_HOLEHAVEN,Coryton (Holehaven),6,0.11420591353826125,0.10736688311513705,0.12104494396138545
09c_CORYTON_HOLEHAVEN,Coryton (Holehaven),7,0.03697381489746455,0.03013478447434035,0.043812845320588746
09c_CORYTON_HOLEHAVEN,Coryton (Holehaven),8,-0.06004531087765868,-0.06688434130078287,-0.05320628045453448
09c_CORYTON_HOLEHAVEN,Coryton (Holehaven),9,-0.12002766438736574,-0.12686669481048993,-0.11318863396424154
09c_CORYTON_HOLEHAVEN,Coryton (Holehaven),10,-0.11874242310383451,-0.1255814535269587,-0.11190339268071031
09c_CORYTON_HOLEHAVEN,Coryton (Holehaven),11,-0.09861723325454835,-0.10545626367767255,-0.09177820283142415
09c_CORYTON_HOLEHAVEN,Coryton (Holehaven),12,-0.1099692654669835,-0.1168082958901077,-0.1031302350438593
09c_CORYTON_HOLEHAVEN,Coryton (Holehaven),13,-0.10113851406689485,-0.10797754449001905,-0.09429948364377065
09c_CORYTON_HOLEHAVEN,Coryton (Holehaven),14,-0.08831431740967748,-0.09515334783280167,-0.08147528698655328
09c_CORYTON_HOLEHAVEN,Coryton (Holehaven),15,-0.054603948952709806,-0.061442979375834005,-0.04776491852958561
09c_CORYTON_HOLEHAVEN,Coryton (Holehaven),16,-0.019911250682680102,-0.026750281105804297,-0.013072220259555905
09c_CORYTON_HOLEHAVEN,Coryton (Holehaven),17,-0.0038849193456202773,-0.010723949768744474,0.0029541110775039192
09c_CORYTON_HOLEHAVEN,Coryton (Holehaven),18,-0.0017687673076349664,-0.008607797730759164,0.00507026311548923
09c_CORYTON_HOLEHAVEN,Coryton (Holehaven),19,0.0041902691329065616,-0.002648761290217635,0.011029299556030759
09c_CORYTON_HOLEHAVEN,Coryton (Holehaven),20,0.021928404091776824,0.015089373668652628,0.02876743451490102
09c_CORYTON_HOLEHAVEN,Coryton (Holehaven),21,0.024485704260527257,0.017646673837403058,0.031324734683651455
09c_CORYTON_HOLEHAVEN,Coryton (Holehaven),22,0.01652467415753165,0.009685643734407454,0.02336370458065585
09c_CORYTON_HOLEHAVEN,Coryton (Holehaven),23,0.0022666157765853963,-0.0045724146465388,0.009105646199709593
09c_CORYTON_HOLEHAVEN,Coryton (Holehaven),24,-0.0206613360526724,-0.027500366475796595,-0.013822305629548204
09c_CORYTON_HOLEHAVEN,Coryton (Holehaven),25,-0.03192229334985027,-0.03876132377297447,-0.025083262926726073
09c_CORYTON_HOLEHAVEN,Coryton (Holehaven),26,-0.03595499974814225,-0.04279403017126645,-0.029115969325018053
09c_CORYTON_HOLEHAVEN,Coryton (Holehaven),27,-0.036441974789552335,-0.043281005212676534,-0.029602944366428137
09c_CORYTON_HOLEHAVEN,Coryton (Holehaven),28,-0.021128560797734848,-0.027967591220859046,-0.014289530374610651
09c_CORYTON_HOLEHAVEN,Coryton (Holehaven),29,-0.004003308609446147,-0.010842339032570343,0.0028357218136780497
09c_CORYTON_HOLEHAVEN,Coryton (Holehaven),30,0.010819970035664048,0.0039809396125398515,0.017659000458788245
09c_CORYTON_HOLEHAVEN,Coryton (Holehaven),31,0.012859342952470201,0.006020312529346004,0.019698373375594398
09c_CORYTON_HOLEHAVEN,Coryton (Holehaven),32,0.030208200227165947,0.023369169804041752,0.03704723065029014
09c_CORYTON_HOLEHAVEN,Coryton (Holehaven),33,0.03655034046919434,0.02971131004607014,0.043389370892318535
09c_CORYTON_HOLEHAVEN,Coryton (Holehaven),34,0.04244688297013978,0.03560785254701558,0.04928591339326398
09c_CORYTON_HOLEHAVEN,Coryton (Holehaven),35,0.048656168232632344,0.041817137809508145,0.05549519865575654
09c_CORYTON_HOLEHAVEN,Coryton (Holehaven),36,0.04171281533266466,0.03487378490954046,0.04855184575578886
09c_CORYTON_HOLEHAVEN,Coryton (Holehaven),37,0.037578846381473595,0.030739815958349397,0.04441787680459779
09c_CORYTON_HOLEHAVEN,Coryton (Holehaven),38,0.04022327256386098,0.033384242140736785,0.04706230298698518
09c_CORYTON_HOLEHAVEN,Coryton (Holehaven),39,0.03655920209620174,0.02972017167307754,0.04339823251932594
09c_CORYTON_HOLEHAVEN,Coryton (Holehaven),40,0.027324715079041436,0.02048568465591724,0.03416374550216563
09c_CORYTON_HOLEHAVEN,Coryton (Holehaven),41,0.011299716948969344,0.004460686525845147,0.01813874737209354
09c_CORYTON_HOLEHAVEN,Coryton (Holehaven),42,0.0024469962237269674,-0.004392034199397229,0.009286026646851164
09c_CORYTON_HOLEHAVEN,Coryton (Holehaven),43,-0.002132265054247896,-0.008971295477372092,0.004706765368876301
09c_CORYTON_HOLEHAVEN,Coryton (Holehaven),44,-0.0005925619794212943,-0.007431592402545491,0.006246468443702902
09c_CORYTON_HOLEHAVEN,Coryton (Holehaven),45,0.004043992204117602,-0.0027950382190065947,0.0108830226272418
09c_CORYTON_HOLEHAVEN,Coryton (Holehaven),46,0.01574974755809444,0.008910717134970244,0.02258877798121864
09c_CORYTON_HOLEHAVEN,Coryton (Holehaven),47,0.029860374867799983,0.02302134444467579,0.03669940529092418
09c_CORYTON_HOLEHAVEN,Coryton (Holehaven),48,0.04167322814141873,0.03483419771829453,0.04851225856454293
09c_CORYTON_HOLEHAVEN,Coryton (Holehaven),49,0.06610549175862002,0.05926646133549582,0.07294452218174421
09c_CORYTON_HOLEHAVEN,Coryton (Holehaven),50,0.07642297404223615,0.06958394361911195,0.08326200446536035
09c_CORYTON_HOLEHAVEN,Coryton (Holehaven),51,0.08341529392802768,0.07657626350490349,0.09025432435115188
09c_CORYTON_HOLEHAVEN,Coryton (Holehaven),52,0.07921213785613429,0.07237310743301009,0.08605116827925849
09c_CORYTON_HOLEHAVEN,Coryton (Holehaven),53,0.08750796530030941,0.08066893487718521,0.09434699572343361
09c_CORYTON_HOLEHAVEN,Coryton (Holehaven),54,0.084991168908886,0.0781521384857618,0.0918301993320102
09c_CORYTON_HOLEHAVEN,Coryton (Holehaven),55,0.08151099029998385,0.07467195987685965,0.08835002072310805
09c_CORYTON_HOLEHAVEN,Coryton (Holehaven),56,0.09102573825796902,0.08418670783484482,0.09786476868109321
09c_CORYTON_HOLEHAVEN,Coryton (Holehaven),57,0.05591123206450348,0.04907220164137928,0.06275026248762768
09c_CORYTON_HOLEHAVEN,Coryton (Holehaven),58,0.03277180021299564,0.02593276978987144,0.03961083063611984
09c_CORYTON_HOLEHAVEN,Coryton (Holehaven),59,-0.014892866954219371,-0.021731897377343566,-0.008053836531095175
09c_CORYTON_HOLEHAVEN,Coryton (Holehaven),60,-0.024359291062203657,-0.031198321485327855,-0.01752026063907946
09c_CORYTON_HOLEHAVEN,Coryton (Holehaven),61,-0.07064513307604146,-0.07748416349916566,-0.06380610265291727
09c_CORYTON_HOLEHAVEN,Coryton (Holehaven),62,-0.06255777790132898,-0.06939680832445318,-0.05571874747820478
09c_CORYTON_HOLEHAVEN,Coryton (Holehaven),63,-0.08051579635455938,-0.08735482677768358,-0.07367676593143518
09c_CORYTON_HOLEHAVEN,Coryton (Holehaven),64,-0.07604023093594559,-0.08287926135906978,-0.06920120051282139
09c_CORYTON_HOLEHAVEN,Coryton (Holehaven),65,-0.08256051224949963,-0.08939954267262383,-0.07572148182637543
09c_CORYTON_HOLEHAVEN,Coryton (Holehaven),66,-0.09440121932358161,-0.10124024974670581,-0.08756218890045742
09c_CORYTON_HOLEHAVEN,Coryton (Holehaven),67,-0.09809264750341785,-0.10493167792654205,-0.09125361708029366
09c_CORYTON_HOLEHAVEN,Coryton (Holehaven),68,-0.09165690436033261,-0.0984959347834568,-0.08481787393720841
09c_CORYTON_HOLEHAVEN,Coryton (Holehaven),69,-0.07646600598977571,-0.08330503641289991,-0.06962697556665151
09c_CORYTON_HOLEHAVEN,Coryton (Holehaven),70,-0.056203845810682024,-0.06304287623380622,-0.049364815387557825
09c_CORYTON_HOLEHAVEN,Coryton (Holehaven),71,-0.04411443969108239,-0.05095347011420659,-0.03727540926795819
09c_CORYTON_HOLEHAVEN,Coryton (Holehaven),72,-0.032335678448885956,-0.039174708872010154,-0.025496648025761758
09c_CORYTON_HOLEHAVEN,Coryton (Holehaven),73,-0.0042231587167437645,-0.011062189139867961,0.002615871706380432
09c_CORYTON_HOLEHAVEN,Coryton (Holehaven),74,0.021406137735666197,0.014567107312542,0.02824516815879039
09c_CORYTON_HOLEHAVEN,Coryton (Holehaven),75,0.05624440807983351,0.04940537765670931,0.06308343850295771
09c_CORYTON_HOLEHAVEN,Coryton (Holehaven),76,0.09406178904205419,0.08722275861892999,0.10090081946517838
09c_CORYTON_HOLEHAVEN,Coryton (Holehaven),77,0.1039901185160005,0.0971510880928763,0.1108291489391247
09c_CORYTON_HOLEHAVEN,Coryton (Holehaven),78,0.07687179553199404,0.07003276510886984,0.08371082595511824
09c_CORYTON_HOLEHAVEN,Coryton (Holehaven),79,0.048461289142874044,0.041622258719749845,0.05530031956599824
09c_CORYTON_HOLEHAVEN,Coryton (Holehaven),80,0.023567319899677378,0.01672828947655318,0.030406350322801576
09c_CORYTON_HOLEHAVEN,Coryton (Holehaven),81,-0.004717929722352683,-0.011556960145476879,0.0021211007007715136
09c_CORYTON_HOLEHAVEN,Coryton (Holehaven),82,-0.020098659174185417,-0.026937689597309612,-0.013259628751061221
09c_CORYTON_HOLEHAVEN,Coryton (Holehaven),83,-0.02954320350799057,-0.03638223393111477,-0.022704173084866372
09c_CORYTON_HOLEHAVEN,Coryton (Holehaven),84,-0.03187670156888392,-0.03871573199200812,-0.02503767114575972
09c_CORYTON_HOLEHAVEN,Coryton (Holehaven),85,-0.04969835147574437,-0.05653738189886857,-0.04285932105262017
09c_CORYTON_HOLEHAVEN,Coryton (Holehaven),86,-0.0411191647175461,-0.0479581951406703,-0.0342801342944219
09c_CORYTON_HOLEHAVEN,Coryton (Holehaven),87,-0.046735073749625704,-0.0535741041727499,-0.039896043326501505
09c_CORYTON_HOLEHAVEN,Coryton (Holehaven),88,-0.027658910247829484,-0.03449794067095368,-0.02081987982470529
09c_CORYTON_HOLEHAVEN,Coryton (Holehaven),89,-0.016727343401319015,-0.02356637382444321,-0.009888312978194818
09c_CORYTON_HOLEHAVEN,Coryton (Holehaven),90,-0.010301908894856278,-0.017140939317980476,-0.0034628784717320813
09c_CORYTON_HOLEHAVEN,Coryton (Holehaven),91,-0.023608003694721515,-0.03044703411784571,-0.01676897327159732
09c_CORYTON_HOLEHAVEN,Coryton (Holehaven),92,-0.010878039691807482,-0.017717070114931677,-0.004039009268683285
09c_CORYTON_HOLEHAVEN,Coryton (Holehaven),93,-0.010321701149652978,-0.017160731572777175,-0.003482670726528782
09c_CORYTON_HOLEHAVEN,Coryton (Holehaven),94,-0.009990548604644456,-0.016829579027768653,-0.0031515181815202596
09c_CORYTON_HOLEHAVEN,Coryton (Holehaven),95,-0.0034378429636592205,-0.010276873386783417,0.003401187459464976
09c_CORYTON_HOLEHAVEN,Coryton (Holehaven),96,0.014137810999508294,0.007298780576384098,0.02097684142263249
09c_CORYTON_HOLEHAVEN,Coryton (Holehaven),97,0.011953206875883018,0.0051141764527588215,0.018792237299007215
09c_CORYTON_HOLEHAVEN,Coryton (Holehaven),98,0.007938803493261357,0.00109977307013716,0.014777833916385553
09c_CORYTON_HOLEHAVEN,Coryton (Holehaven),99,0.007463723811318309,0.0006246933881941122,0.014302754234442504
09c_CORYTON_HOLEHAVEN,Coryton (Holehaven),100,0.002005322970899139,-0.004833707452225057,0.008844353394023336
09c_CORYTON_HOLEHAVEN,Coryton (Holehaven),101,-0.004864341411504328,-0.011703371834628525,0.0019746890116198682
09c_CORYTON_HOLEHAVEN,Coryton (Holehaven),102,-0.006955633842698729,-0.013794664265822924,-0.00011660341957453208
09c_CORYTON_HOLEHAVEN,Coryton (Holehaven),103,-0.0019030829036907778,-0.008742113326814974,0.004935947519433419
09c_CORYTON_HOLEHAVEN,Coryton (Holehaven),104,0.003636058266609255,-0.0032029721565149417,0.010475088689733451
09c_CORYTON_HOLEHAVEN,Coryton (Holehaven),105,0.0009491868741184355,-0.0058898435490057615,0.007788217297242632
09c_CORYTON_HOLEHAVEN,Coryton (Holehaven),106,0.003998925171821562,-0.002840105251302635,0.01083795559494576
09c_CORYTON_HOLEHAVEN,Coryton (Holehaven),107,0.0059222699163866245,-0.000916760506737572,0.012761300339510822
09c_CORYTON_HOLEHAVEN,Coryton (Holehaven),108,0.005670142253385352,-0.0011688881697388444,0.012509172676509549
09c_CORYTON_HOLEHAVEN,Coryton (Holehaven),109,0.0070424987952215435,0.0002034683720973469,0.013881529218345741
09c_CORYTON_HOLEHAVEN,Coryton (Holehaven),110,0.019846019776268084,0.013006989353143887,0.026685050199392282
09c_CORYTON_HOLEHAVEN,Coryton (Holehaven),111,0.025672063057397557,0.018833032634273363,0.03251109348052175
09c_CORYTON_HOLEHAVEN,Coryton (Holehaven),112,0.02966643101096942,0.02282740058784522,0.03650546143409362
09c_CORYTON_HOLEHAVEN,Coryton (Holehaven),113,0.028928538389485024,0.022089507966360826,0.03576756881260922
09c_CORYTON_HOLEHAVEN,Coryton (Holehaven),114,0.026893474091767053,0.020054443668642855,0.03373250451489125
09c_CORYTON_HOLEHAVEN,Coryton (Holehaven),115,0.02330631317564377,0.016467282752519574,0.030145343598767964
09c_CORYTON_HOLEHAVEN,Coryton (Holehaven),116,0.012983807012025332,0.0061447765889011356,0.01982283743514953
09c_CORYTON_HOLEHAVEN,Coryton (Holehaven),117,0.015140373895828467,0.00830134347270427,0.021979404318952664
09c_CORYTON_HOLEHAVEN,Coryton (Holehaven),118,0.014059859959053022,0.007220829535928825,0.020898890382177217
09c_CORYTON_HOLEHAVEN,Coryton (Holehaven),119,0.013162279536522634,0.006323249113398438,0.02000130995964683
09c_CORYTON_HOLEHAVEN,Coryton (Holehaven),120,0.021701371598950123,0.014862341175825926,0.02854040202207432
09c_CORYTON_HOLEHAVEN,Coryton (Holehaven),121,0.025892962921021574,0.01905393249789738,0.03273199334414577
09c_CORYTON_HOLEHAVEN,Coryton (Holehaven),122,0.03492376512486107,0.02808473470173687,0.04176279554798527
09c_CORYTON_HOLEHAVEN,Coryton (Holehaven),123,0.054619412275492295,0.047780381852368096,0.06145844269861649
09c_CORYTON_HOLEHAVEN,Coryton (Holehaven),124,0.0378647384125997,0.0310257079894755,0.0447037688357239
09c_CORYTON_HOLEHAVEN,Coryton (Holehaven),125,0.04014401718792911,0.03330498676480491,0.046983047611053305
09c_CORYTON_HOLEHAVEN,Coryton (Holehaven),126,0.03572645575446875,0.02888742533134455,0.04256548617759295
09c_CORYTON_HOLEHAVEN,Coryton (Holehaven),127,0.025573126720488365,0.018734096297364167,0.03241215714361256
09c_CORYTON_HOLEHAVEN,Coryton (Holehaven),128,0.012276125310187066,0.005437094887062869,0.01911515573331126
09c_CORYTON_HOLEHAVEN,Coryton (Holehaven),129,0.015798055551640416,0.00895902512851622,0.02263708597476461
09c_CORYTON_HOLEHAVEN,Coryton (Holehaven),130,0.0053113394775867505,-0.001527690945537446,0.012150369900710948
09c_CORYTON_HOLEHAVEN,Coryton (Holehaven),131,0.010809204250871857,0.003970173827747661,0.017648234673996052
09c_CORYTON_HOLEHAVEN,Coryton (Holehaven),132,0.0001920384741089456,-0.006646991949015251,0.0070310688972331425
09c_CORYTON_HOLEHAVEN,Coryton (Holehaven),133,-0.009925600314708037,-0.016764630737832235,-0.0030865698915838406
09c_CORYTON_HOLEHAVEN,Coryton (Holehaven),134,-0.016837261344716515,-0.02367629176784071,-0.009998230921592318
09c_CORYTON_HOLEHAVEN,Coryton (Holehaven),135,-0.015738143316468355,-0.022577173739592553,-0.008899112893344158
09c_CORYTON_HOLEHAVEN,Coryton (Holehaven),136,-0.021260558608644273,-0.02809958903176847,-0.014421528185520076
09c_CORYTON_HOLEHAVEN,Coryton (Holehaven),137,-0.02238008012814924,-0.029219110551273436,-0.015541049705025045
09c_CORYTON_HOLEHAVEN,Coryton (Holehaven),138,-0.00967856741269425,-0.016517597835818444,-0.0028395369895700528
09c_CORYTON_HOLEHAVEN,Coryton (Holehaven),139,-0.02162976569826995,-0.02846879612139415,-0.014790735275145754
09c_CORYTON_HOLEHAVEN,Coryton (Holehaven),140,-0.027593482628096265,-0.03443251305122046,-0.020754452204972067
09c_CORYTON_HOLEHAVEN,Coryton (Holehaven),141,-0.02777485471021563,-0.03461388513333983,-0.020935824287091433
09c_CORYTON_HOLEHAVEN,Coryton (Holehaven),142,-0.02209278974225839,-0.028931820165382587,-0.015253759319134195
09c_CORYTON_HOLEHAVEN,Coryton (Holehaven),143,-0.026072415936621598,-0.03291144635974579,-0.019233385513497403
09c_CORYTON_HOLEHAVEN,Coryton (Holehaven),144,0.020537443474830528,0.013698413051706331,0.027376473897954723
09c_CORYTON_HOLEHAVEN,Coryton (Holehaven),145,-0.09294299271953464,-0.09978202314265884,-0.08610396229641044
09c_CORYTON_HOLEHAVEN,Coryton (Holehaven),146,-0.025559418560552803,-0.032398448983677,-0.018720388137428608
09c_CORYTON_HOLEHAVEN,Coryton (Holehaven),147,-0.03760309799691507,-0.04444212842003927,-0.030764067573790875
09c_CORYTON_HOLEHAVEN,Coryton (Holehaven),148,-0.02271882560694471,-0.029557856030068906,-0.015879795183820516
09c_CORYTON_HOLEHAVEN,Coryton (Holehaven),149,0.012220854720618958,0.005381824297494762,0.019059885143743155
09c_CORYTON_HOLEHAVEN,Coryton (Holehaven),150,0.06656530449980387,0.05972627407667967,0.07340433492292807
09c_CORYTON_HOLEHAVEN,Coryton (Holehaven),151,0.09583257162286413,0.08899354119973993,0.10267160204598832
09c_CORYTON_HOLEHAVEN,Coryton (Holehaven),152,0.09567184816990397,0.08883281774677977,0.10251087859302817
09c_CORYTON_HOLEHAVEN,Coryton (Holehaven),153,0.06296284936365151,0.056123818940527315,0.06980187978677571
09c_CORYTON_HOLEHAVEN,Coryton (Holehaven),154,0.04024161801001048,0.03340258758688628,0.04708064843313468
09c_CORYTON_HOLEHAVEN,Coryton (Holehaven),155,0.011179878089501835,0.004340847666377639,0.018018908512626032
09c_CORYTON_HOLEHAVEN,Coryton (Holehaven),156,-0.002105273881512526,-0.008944304304636722,0.004733756541611671
09c_CORYTON_HOLEHAVEN,Coryton (Holehaven),157,-0.003668801551984339,-0.010507831975108536,0.0031702288711398575
09c_CORYTON_HOLEHAVEN,Coryton (Holehaven),158,0.01193632393055839,0.005097293507434193,0.018775354353682584
09c_CORYTON_HOLEHAVEN,Coryton (Holehaven),159,0.005285650423402456,-0.0015533799997217409,0.012124680846526653
09c_CORYTON_HOLEHAVEN,Coryton (Holehaven),160,0.008836763877558683,0.0019977334544344864,0.01567579430068288
09c_CORYTON_HOLEHAVEN,Coryton (Holehaven),161,0.010487282622450824,0.0036482521993266275,0.01732631304557502
09c_CORYTON_HOLEHAVEN,Coryton (Holehaven),162,0.010542909556410778,0.0037038791332865816,0.017381939979534973
09c_CORYTON_HOLEHAVEN,Coryton (Holehaven),163,0.0003291876366417874,-0.006509842786482409,0.007168218059765984
09c_CORYTON_HOLEHAVEN,Coryton (Holehaven),164,0.005390654360970777,-0.00144837606215342,0.012229684784094974
09c_CORYTON_HOLEHAVEN,Coryton (Holehaven),165,-0.0011600837775591149,-0.007999114200683312,0.005678946645565081
09c_CORYTON_HOLEHAVEN,Coryton (Holehaven),166,-0.004604678116155491,-0.011443708539279687,0.002234352306968706
09c_CORYTON_HOLEHAVEN,Coryton (Holehaven),167,-0.015636535005723526,-0.022475565428847724,-0.00879750458259933
09c_CORYTON_HOLEHAVEN,Coryton (Holehaven),168,-0.01964452069140027,-0.026483551114524467,-0.012805490268276072
09c_CORYTON_HOLEHAVEN,Coryton (Holehaven),169,-0.011805121133076411,-0.018644151556200608,-0.0049660907099522145
09c_CORYTON_HOLEHAVEN,Coryton (Holehaven),170,-0.017801315179421736,-0.02464034560254593,-0.01096228475629754
09c_CORYTON_HOLEHAVEN,Coryton (Holehaven),171,-0.013301146807219659,-0.020140177230343857,-0.006462116384095462
09c_CORYTON_HOLEHAVEN,Coryton (Holehaven),172,-0.02138422290975759,-0.02822325333288179,-0.014545192486633393
09c_CORYTON_HOLEHAVEN,Coryton (Holehaven),173,-0.013905230660578433,-0.020744261083702628,-0.007066200237454237
09c_CORYTON_HOLEHAVEN,Coryton (Holehaven),174,-0.017528937322824255,-0.024367967745948453,-0.010689906899700058
09c_CORYTON_HOLEHAVEN,Coryton (Holehaven),175,-0.011547877384362007,-0.018386907807486204,-0.004708846961237811
09c_CORYTON_HOLEHAVEN,Coryton (Holehaven),176,-0.016421597847760504,-0.023260628270884702,-0.009582567424636307
09c_CORYTON_HOLEHAVEN,Coryton (Holehaven),177,-0.004021599507675364,-0.01086062993079956,0.0028174309154488323
09c_CORYTON_HOLEHAVEN,Coryton (Holehaven),178,-0.013074602426062117,-0.019913632849186312,-0.006235572002937921
09c_CORYTON_HOLEHAVEN,Coryton (Holehaven),179,-0.021219110013283485,-0.028058140436407683,-0.014380079590159288
09c_CORYTON_HOLEHAVEN,Coryton (Holehaven),180,-0.022770171891452525,-0.02960920231457672,-0.01593114146832833
09c_CORYTON_HOLEHAVEN,Coryton (Holehaven),181,-0.01743577917918817,-0.024274809602312368,-0.010596748756063973
09c_CORYTON_HOLEHAVEN,Coryton (Holehaven),182,-0.01992383868846508,-0.026762869111589274,-0.013084808265340883
09c_CORYTON_HOLEHAVEN,Coryton (Holehaven),183,-0.017150582176188964,-0.023989612599313162,-0.010311551753064767
09c_CORYTON_HOLEHAVEN,Coryton (Holehaven),184,-0.02884465968522504,-0.035683690108349236,-0.022005629262100847
09c_CORYTON_HOLEHAVEN,Coryton (Holehaven),185,-0.030635646743367093,-0.03747467716649129,-0.023796616320242894
09c_CORYTON_HOLEHAVEN,Coryton (Holehaven),186,-0.02452895629692548,-0.03136798672004967,-0.017689925873801284
09c_CORYTON_HOLEHAVEN,Coryton (Holehaven),187,-0.02816305029953246,-0.035002080722656655,-0.021324019876408265
09c_CORYTON_HOLEHAVEN,Coryton (Holehaven),188,-0.023741947955906274,-0.03058097837903047,-0.01690291753278208
09c_CORYTON_HOLEHAVEN,Coryton (Holehaven),189,-0.02121936136580246,-0.028058391788926655,-0.014380330942678264
09c_CORYTON_HOLEHAVEN,Coryton (Holehaven),190,-0.020174481556402744,-0.027013511979526943,-0.013335451133278548
09c_CORYTON_HOLEHAVEN,Coryton (Holehaven),191,-0.015908207731849953,-0.022747238154974148,-0.009069177308725756
09c_CORYTON_HOLEHAVEN,Coryton (Holehaven),192,-0.01309888209857526,-0.019937912521699457,-0.0062598516754510634
09c_CORYTON_HOLEHAVEN,Coryton (Holehaven),193,-0.014651896246177432,-0.02149092666930163,-0.007812865823053235
09c_CORYTON_HOLEHAVEN,Coryton (Holehaven),194,-0.016852491393145305,-0.023691521816269503,-0.010013460970021109
09c_CORYTON_HOLEHAVEN,Coryton (Holehaven),195,-0.018898745071726553,-0.025737775494850748,-0.012059714648602357
09c_CORYTON_HOLEHAVEN,Coryton (Holehaven),196,-0.007844691858730265,-0.014683722281854461,-0.0010056614356060683
09c_CORYTON_HOLEHAVEN,Coryton (Holehaven),197,-0.009863248146453868,-0.016702278569578066,-0.0030242177233296714
09c_CORYTON_HOLEHAVEN,Coryton (Holehaven),198,-0.005702064221420937,-0.012541094644545133,0.0011369662017032597
09c_CORYTON_HOLEHAVEN,Coryton (Holehaven),199,-0.007283612673911421,-0.014122643097035616,-0.0004445822507872241
09c_CORYTON_HOLEHAVEN,Coryton (Holehaven),200,-0.009347656152474546,-0.01618668657559874,-0.0025086257293503497
09c_CORYTON_HOLEHAVEN,Coryton (Holehaven),201,-0.0006080365903128136,-0.00744706701343701,0.006230993832811383
09c_CORYTON_HOLEHAVEN,Coryton (Holehaven),202,-0.007072114117373238,-0.013911144540497435,-0.00023308369424904132
09c_CORYTON_HOLEHAVEN,Coryton (Holehaven),203,-0.008255478114748168,-0.015094508537872364,-0.0014164476916239711
09c_CORYTON_HOLEHAVEN,Coryton (Holehaven),204,-0.008045087073674555,-0.014884117496798752,-0.0012060566505503589
09c_CORYTON_HOLEHAVEN,Coryton (Holehaven),205,-0.002867342466626619,-0.009706372889750816,0.003971687956497577
09c_CORYTON_HOLEHAVEN,Coryton (Holehaven),206,0.0016913149141681864,-0.00514771550895601,0.008530345337292383
09c_CORYTON_HOLEHAVEN,Coryton (Holehaven),207,0.0022878530542535034,-0.004551177368870693,0.0091268834773777
09c_CORYTON_HOLEHAVEN,Coryton (Holehaven),208,0.004099553940144959,-0.0027394764829792376,0.010938584363269156
09c_CORYTON_HOLEHAVEN,Coryton (Holehaven),209,0.004755520251851148,-0.002083510171273049,0.011594550674975345
09c_CORYTON_HOLEHAVEN,Coryton (Holehaven),210,0.017306651593952366,0.01046762117082817,0.024145682017076564
09c_CORYTON_HOLEHAVEN,Coryton (Holehaven),211,0.028350419990464615,0.021511389567340417,0.03518945041358881
09c_CORYTON_HOLEHAVEN,Coryton (Holehaven),212,0.03374856413172135,0.026909533708597153,0.04058759455484555
09c_CORYTON_HOLEHAVEN,Coryton (Holehaven),213,0.030712076213137394,0.023873045790013196,0.03755110663626159
09c_CORYTON_HOLEHAVEN,Coryton (Holehaven),214,0.04027104478812273,0.033432014364998534,0.04711007521124693
09c_CORYTON_HOLEHAVEN,Coryton (Holehaven),215,0.03935319939853318,0.03251416897540898,0.046192229821657375
09c_CORYTON_HOLEHAVEN,Coryton (Holehaven),216,0.04206373486921729,0.03522470444609309,0.048902765292341485
09c_CORYTON_HOLEHAVEN,Coryton (Holehaven),217,0.03571780110795497,0.028878770684830773,0.04255683153107917
09c_CORYTON_HOLEHAVEN,Coryton (Holehaven),218,0.03413569145009821,0.027296661026974013,0.04097472187322241
09c_CORYTON_HOLEHAVEN,Coryton (Holehaven),219,0.03932043616805638,0.03248140574493218,0.04615946659118058
09c_CORYTON_HOLEHAVEN,Coryton (Holehaven),220,0.017407486327735443,0.010568455904611246,0.02424651675085964
09c_CORYTON_HOLEHAVEN,Coryton (Holehaven),221,0.015311510161952762,0.008472479738828566,0.02215054058507696
09c_CORYTON_HOLEHAVEN,Coryton (Holehaven),222,0.01574242135109307,0.008903390927968874,0.02258145177421727
09c_CORYTON_HOLEHAVEN,Coryton (Holehaven),223,-0.004634957858303149,-0.011473988281427346,0.002204072564821047
09c_CORYTON_HOLEHAVEN,Coryton (Holehaven),224,0.0037319817147385853,-0.0031070487083856113,0.010571012137862781
09c_CORYTON_HOLEHAVEN,Coryton (Holehaven),225,-0.012904886895218891,-0.019743917318343088,-0.006065856472094695
09c_CORYTON_HOLEHAVEN,Coryton (Holehaven),226,-0.013146041075483745,-0.01998507149860794,-0.006307010652359548
09c_CORYTON_HOLEHAVEN,Coryton (Holehaven),227,-0.01589243186795694,-0.02273146229108114,-0.009053401444832744
09c_CORYTON_HOLEHAVEN,Coryton (Holehaven),228,-0.01964475408332408,-0.026483784506448275,-0.012805723660199884
09c_CORYTON_HOLEHAVEN,Coryton (Holehaven),229,-0.01682209588230645,-0.023661126305430644,-0.009983065459182252
09c_CORYTON_HOLEHAVEN,Coryton (Holehaven),230,-0.011096446600081324,-0.01793547702320552,-0.004257416176957128
09c_CORYTON_HOLEHAVEN,Coryton (Holehaven),231,0.004370254818080094,-0.002468775605044103,0.01120928524120429
09c_CORYTON_HOLEHAVEN,Coryton (Holehaven),232,0.010394742425631355,0.0035557120025071585,0.017233772848755553
09c_CORYTON_HOLEHAVEN,Coryton (Holehaven),233,0.020485461654067463,0.013646431230943267,0.02732449207719166
09c_CORYTON_HOLEHAVEN,Coryton (Holehaven),234,0.016950892806077828,0.010111862382953632,0.023789923229202023
09c_CORYTON_HOLEHAVEN,Coryton (Holehaven),235,0.022810083714563677,0.015971053291439483,0.029649114137687872
09c_CORYTON_HOLEHAVEN,Coryton (Holehaven),236,0.02201884086525761,0.015179810442133413,0.028857871288381805
09c_CORYTON_HOLEHAVEN,Coryton (Holehaven),237,0.02655960962386922,0.019720579200745027,0.033398640046993416
09c_CORYTON_HOLEHAVEN,Coryton (Holehaven),238,0.03240363238007218,0.02556460195694798,0.039242662803196375
09c_CORYTON_HOLEHAVEN,Coryton (Holehaven),239,0.023901483209513883,0.017062452786389688,0.030740513632638078
09c_CORYTON_HOLEHAVEN,Coryton (Holehaven),240,0.016672488108901012,0.009833457685776816,0.02351151853202521
09c_CORYTON_HOLEHAVEN,Coryton (Holehaven),241,0.008714418960977823,0.0018753885378536266,0.01555344938410202
09c_CORYTON_HOLEHAVEN,Coryton (Holehaven),242,0.006288515189352985,-0.0005505152337712113,0.013127545612477181
09c_CORYTON_HOLEHAVEN,Coryton (Holehaven),243,0.011638437317807544,0.004799406894683347,0.01847746774093174
09c_CORYTON_HOLEHAVEN,Coryton (Holehaven),244,0.006479674243285566,-0.0003593561798386309,0.013318704666409761
09c_CORYTON_HOLEHAVEN,Coryton (Holehaven),245,0.004981149641771539,-0.0018578807813526572,0.011820180064895736
09c_CORYTON_HOLEHAVEN,Coryton (Holehaven),246,-0.0005033961177764339,-0.007342426540900631,0.006335634305347762
09c_CORYTON_HOLEHAVEN,Coryton (Holehaven),247,0.0014500858848285104,-0.005388944538295686,0.008289116307952708
09c_CORYTON_HOLEHAVEN,Coryton (Holehaven),248,-0.012490003574064469,-0.019329033997188667,-0.0056509731509402725
09c_CORYTON_HOLEHAVEN,Coryton (Holehaven),249,-0.01631360567225867,-0.023152636095382866,-0.009474575249134474
09c_CORYTON_HOLEHAVEN,Coryton (Holehaven),250,-0.011607524345892507,-0.0184465547690167,-0.00476849392276831
09c_CORYTON_HOLEHAVEN,Coryton (Holehaven),251,-0.009927559185928117,-0.016766589609052314,-0.003088528762803921
09c_CORYTON_HOLEHAVEN,Coryton (Holehaven),252,-0.007390974625005063,-0.01423000504812926,-0.0005519442018808666
09c_CORYTON_HOLEHAVEN,Coryton (Holehaven),253,-0.0051267541849015245,-0.01196578460802572,0.001712276238222672
09c_CORYTON_HOLEHAVEN,Coryton (Holehaven),254,-0.01326162360174347,-0.020100654024867666,-0.006422593178619273
09c_CORYTON_HOLEHAVEN,Coryton (Holehaven),255,0.0013471989094627618,-0.0054918315136614345,0.008186229332586958
09c_CORYTON_HOLEHAVEN,Coryton (Holehaven),256,-0.00199222748321041,-0.008831257906334607,0.0048468029399137864
09c_CORYTON_HOLEHAVEN,Coryton (Holehaven),257,-0.0009903875990784864,-0.007829418022202684,0.00584864282404571
09c_CORYTON_HOLEHAVEN,Coryton (Holehaven),258,-0.011687343337538389,-0.018526373760662587,-0.004848312914414192
09c_CORYTON_HOLEHAVEN,Coryton (Holehaven),259,-0.007333339318239913,-0.01417236974136411,-0.0004943088951157165
09c_CORYTON_HOLEHAVEN,Coryton (Holehaven),260,-0.0010334845977924803,-0.007872515020916676,0.005805545825331717
09c_CORYTON_HOLEHAVEN,Coryton (Holehaven),261,-0.002118946542322132,-0.008957976965446328,0.004720083880802065
09c_CORYTON_HOLEHAVEN,Coryton (Holehaven),262,0.0010981921693028014,-0.005740838253821395,0.007937222592426997
09c_CORYTON_HOLEHAVEN,Coryton (Holehaven),263,0.004206695276149085,-0.0026323351469751113,0.011045725699273281
09c_CORYTON_HOLEHAVEN,Coryton (Holehaven),264,0.008854617314299507,0.0020155868911753104,0.015693647737423704
09c_CORYTON_HOLEHAVEN,Coryton (Holehaven),265,0.0068755752115230925,3.654478839889598e-05,0.013714605634647289
09c_CORYTON_HOLEHAVEN,Coryton (Holehaven),266,0.009806470230535104,0.0029674398074109078,0.0166455006536593
09c_CORYTON_HOLEHAVEN,Coryton (Holehaven),267,0.009948629760630571,0.0031095993375063746,0.016787660183754768
09c_CORYTON_HOLEHAVEN,Coryton (Holehaven),268,0.009208647807778109,0.002369617384653912,0.016047678230902307
09c_CORYTON_HOLEHAVEN,Coryton (Holehaven),269,0.00853892867484662,0.0016998982517224242,0.015377959097970817
09c_CORYTON_HOLEHAVEN,Coryton (Holehaven),270,0.007614407121895384,0.0007753766987711871,0.014453437545019581
09c_CORYTON_HOLEHAVEN,Coryton (Holehaven),271,0.0009915773136823592,-0.005847453109441837,0.007830607736806557
09c_CORYTON_HOLEHAVEN,Coryton (Holehaven),272,0.0055949123722539166,-0.00124411805087028,0.012433942795378114
09c_CORYTON_HOLEHAVEN,Coryton (Holehaven),273,0.01538725505920091,0.008548224636076714,0.02222628548232511
09c_CORYTON_HOLEHAVEN,Coryton (Holehaven),274,0.00321828931784383,-0.0036207411052803667,0.010057319740968027
09c_CORYTON_HOLEHAVEN,Coryton (Holehaven),275,0.002560498036375032,-0.004278532386749165,0.009399528459499228
09c_CORYTON_HOLEHAVEN,Coryton (Holehaven),276,0.005370293548499636,-0.0014687368746245603,0.012209323971623833
09c_CORYTON_HOLEHAVEN,Coryton (Holehaven),277,-0.0035540480262382683,-0.010393078449362464,0.0032849823968859283
09c_CORYTON_HOLEHAVEN,Coryton (Holehaven),278,-0.0013531325998707663,-0.008192163022994962,0.005485897823253431
09c_CORYTON_HOLEHAVEN,Coryton (Holehaven),279,-0.005272156412948432,-0.012111186836072627,0.001566874010175765
09c_CORYTON_HOLEHAVEN,Coryton (Holehaven),280,-0.0031042140777693393,-0.009943244500893535,0.0037348163453548573
09c_CORYTON_HOLEHAVEN,Coryton (Holehaven),281,-0.003843998560645844,-0.01068302898377004,0.0029950318624783526
09c_CORYTON_HOLEHAVEN,Coryton (Holehaven),282,-0.008064829680686069,-0.014903860103810266,-0.0012257992575618725
09c_CORYTON_HOLEHAVEN,Coryton (Holehaven),283,-0.003621464210770111,-0.010460494633894308,0.0032175662123540855
09c_CORYTON_HOLEHAVEN,Coryton (Holehaven),284,-0.0005396489641398643,-0.007378679387264061,0.006299381458984332
09c_CORYTON_HOLEHAVEN,Coryton (Holehaven),285,-0.0026020448044039445,-0.00944107522752814,0.0042369856187202525
09c_CORYTON_HOLEHAVEN,Coryton (Holehaven),286,0.0033258108160701383,-0.003513219607054058,0.010164841239194335
09c_CORYTON_HOLEHAVEN,Coryton (Holehaven),287,-0.0013873819166829455,-0.008226412339807141,0.005451648506441251
09c_CORYTON_HOLEHAVEN,Coryton (Holehaven),288,0.01720747776171974,0.010368447338595545,0.02404650818484394
10_SOUTHEND,Southend Pier,0,1.0,1.0,1.0
10_SOUTHEND,Southend Pier,1,0.9963766201277052,0.9929170244838996,0.9998362157715108
10_SOUTHEND,Southend Pier,2,-0.9923886625100826,-0.9958482581538882,-0.988929066866277
10_SOUTHEND,Southend Pier,3,-0.45887388328483136,-0.4623334789286369,-0.4554142876410258
10_SOUTHEND,Southend Pier,4,-0.021450028117647804,-0.02490962376145337,-0.017990432473842237
10_SOUTHEND,Southend Pier,5,0.1672274709013958,0.16376787525759023,0.17068706654520138
10_SOUTHEND,Southend Pier,6,0.1827083508138434,0.17924875517003783,0.18616794645764898
10_SOUTHEND,Southend Pier,7,0.10589508906750489,0.10243549342369931,0.10935468471131046
10_SOUTHEND,Southend Pier,8,0.007379140821919523,0.003919545178113956,0.01083873646572509
10_SOUTHEND,Southend Pier,9,-0.06511181521449577,-0.06857141085830135,-0.061652219570690205
10_SOUTHEND,Southend Pier,10,-0.09536747035618998,-0.09882706599999555,-0.0919078747123844
10_SOUTHEND,Southend Pier,11,-0.10564096839810545,-0.10910056404191103,-0.10218137275429988
10_SOUTHEND,Southend Pier,12,-0.10535541785853997,-0.10881501350234554,-0.1018958222147344
10_SOUTHEND,Southend Pier,13,-0.10172769663161257,-0.10518729227541815,-0.098268100987807
10_SOUTHEND,Southend Pier,14,-0.08740312038783588,-0.09086271603164145,-0.0839435247440303
10_SOUTHEND,Southend Pier,15,-0.06108125673747986,-0.06454085238128543,-0.057621661093674295
10_SOUTHEND,Southend Pier,16,-0.030358946979968257,-0.033818542623773824,-0.02689935133616269
10_SOUTHEND,Southend Pier,17,-0.006951619618874587,-0.010411215262680155,-0.0034920239750690194
10_SOUTHEND,Southend Pier,18,0.006281452906212194,0.002821857262406626,0.009741048550017761
10_SOUTHEND,Southend Pier,19,0.01188417121927678,0.008424575575471212,0.015343766863082347
10_SOUTHEND,Southend Pier,20,0.017188487889706002,0.013728892245900435,0.02064808353351157
10_SOUTHEND,Southend Pier,21,0.02050068197507523,0.01704108633126966,0.023960277618880796
10_SOUTHEND,Southend Pier,22,0.01932586145389199,0.015866265810086422,0.022785457097697557
10_SOUTHEND,Southend Pier,23,0.013436397708035142,0.009976802064229575,0.01689599335184071
10_SOUTHEND,Southend Pier,24,0.0072958083531945205,0.003836212709388953,0.010755403997000089
10_SOUTHEND,Southend Pier,25,-0.00510801909693143,-0.008567614740736997,-0.0016484234531258623
10_SOUTHEND,Southend Pier,26,-0.012377033844185736,-0.015836629487991305,-0.008917438200380169
10_SOUTHEND,Southend Pier,27,-0.010696968479909502,-0.01415656412371507,-0.007237372836103935
10_SOUTHEND,Southend Pier,28,-0.00250940507830278,-0.005969000722108347,0.0009501905655027875
10_SOUTHEND,Southend Pier,29,0.0025489203041368703,-0.0009106753396686974,0.006008515947942438
10_SOUTHEND,Southend Pier,30,0.015599601942752641,0.012140006298947074,0.019059197586558208
10_SOUTHEND,Southend Pier,31,0.023981555958122028,0.02052196031431646,0.027441151601927595
10_SOUTHEND,Southend Pier,32,0.028096105935155536,0.02463651029134997,0.03155570157896111
10_SOUTHEND,Southend Pier,33,0.0340333497876166,0.030573754143811034,0.03749294543142217
10_SOUTHEND,Southend Pier,34,0.03964395164091997,0.0361843559971144,0.043103547284725534
10_SOUTHEND,Southend Pier,35,0.041413058863392783,0.037953463219587216,0.04487265450719835
10_SOUTHEND,Southend Pier,36,0.038283738278649525,0.03482414263484396,0.04174333392245509
10_SOUTHEND,Southend Pier,37,0.03229758434312421,0.02883798869931864,0.035757179986929774
10_SOUTHEND,Southend Pier,38,0.02412476955327024,0.020665173909464672,0.027584365197075807
10_SOUTHEND,Southend Pier,39,0.0179040890220751,0.014444493378269533,0.021363684665880667
10_SOUTHEND,Southend Pier,40,0.015165749152518086,0.011706153508712519,0.018625344796323655
10_SOUTHEND,Southend Pier,41,0.016874199488947153,0.013414603845141586,0.02033379513275272
10_SOUTHEND,Southend Pier,42,0.021312034456713314,0.017852438812907746,0.02477163010051888
10_SOUTHEND,Southend Pier,43,0.029460755332653223,0.026001159688847655,0.03292035097645879
10_SOUTHEND,Southend Pier,44,0.032362754894314165,0.028903159250508598,0.03582235053811973
10_SOUTHEND,Southend Pier,45,0.03633255265635311,0.03287295701254754,0.039792148300158675
10_SOUTHEND,Southend Pier,46,0.0390336497352888,0.03557405409148323,0.042493245379094366
10_SOUTHEND,Southend Pier,47,0.04112664167759735,0.037667046033791785,0.04458623732140292
10_SOUTHEND,Southend Pier,48,0.044593970142513276,0.04113437449870771,0.04805356578631884
10_SOUTHEND,Southend Pier,49,0.05277158313331212,0.049311987489506555,0.05623117877711769
10_SOUTHEND,Southend Pier,50,0.06196199998467147,0.058502404340865906,0.06542159562847705
10_SOUTHEND,Southend Pier,51,0.06752778857006568,0.0640681929262601,0.07098738421387125
10_SOUTHEND,Southend Pier,52,0.06722570113923591,0.06376610549543034,0.07068529678304149
10_SOUTHEND,Southend Pier,53,0.06724727759637766,0.06378768195257209,0.07070687324018324
10_SOUTHEND,Southend Pier,54,0.070354437898039,0.06689484225423342,0.07381403354184457
10_SOUTHEND,Southend Pier,55,0.06992507190496608,0.0664654762611605,0.07338466754877165
10_SOUTHEND,Southend Pier,56,0.05978533259392032,0.05632573695011475,0.06324492823772589
10_SOUTHEND,Southend Pier,57,0.04158349737463523,0.03812390173082966,0.0450430930184408
10_SOUTHEND,Southend Pier,58,0.018942861784684798,0.015483266140879231,0.022402457428490365
10_SOUTHEND,Southend Pier,59,-0.013196172935140362,-0.01665576857894593,-0.009736577291334795
10_SOUTHEND,Southend Pier,60,-0.043255989284166844,-0.04671558492797241,-0.03979639364036128
10_SOUTHEND,Southend Pier,61,-0.06381898184762373,-0.0672785774914293,-0.060359386203818165
10_SOUTHEND,Southend Pier,62,-0.0812557355952011,-0.08471533123900668,-0.07779613995139553
10_SOUTHEND,Southend Pier,63,-0.09012026172210381,-0.09357985736590939,-0.08666066607829824
10_SOUTHEND,Southend Pier,64,-0.09813894785548777,-0.10159854349929334,-0.0946793522116822
10_SOUTHEND,Southend Pier,65,-0.10193488181500392,-0.10539447745880949,-0.09847528617119834
10_SOUTHEND,Southend Pier,66,-0.10282650286155438,-0.10628609850535996,-0.09936690721774881
10_SOUTHEND,Southend Pier,67,-0.09731828815651093,-0.1007778838003165,-0.09385869251270536
10_SOUTHEND,Southend Pier,68,-0.08444265314957601,-0.08790224879338158,-0.08098305750577044
10_SOUTHEND,Southend Pier,69,-0.0676737033453645,-0.07113329898917008,-0.06421410770155893
10_SOUTHEND,Southend Pier,70,-0.05018083302593319,-0.053640428669738754,-0.04672123738212762
10_SOUTHEND,Southend Pier,71,-0.03294422568734025,-0.036403821331145815,-0.02948463004353468
10_SOUTHEND,Southend Pier,72,-0.011694290928314836,-0.015153886572120403,-0.008234695284509269
10_SOUTHEND,Southend Pier,73,0.005263289803791807,0.0018036941599862398,0.008722885447597375
10_SOUTHEND,Southend Pier,74,0.03524497628423912,0.031785380640433555,0.03870457192804469
10_SOUTHEND,Southend Pier,75,0.05844915182952685,0.05498955618572128,0.061908747473332415
10_SOUTHEND,Southend Pier,76,0.08019166954393321,0.07673207390012764,0.08365126518773879
10_SOUTHEND,Southend Pier,77,0.09092470420141642,0.08746510855761085,0.094384299845222
10_SOUTHEND,Southend Pier,78,0.07710470580201789,0.07364511015821232,0.08056430144582347
10_SOUTHEND,Southend Pier,79,0.05376314396437904,0.050303548320573474,0.05722273960818461
10_SOUTHEND,Southend Pier,80,0.026430099874387523,0.022970504230581956,0.02988969551819309
10_SOUTHEND,Southend Pier,81,-0.0007952323028970336,-0.004254827946702601,0.002664363340908534
10_SOUTHEND,Southend Pier,82,-0.022418853821410154,-0.02587844946521572,-0.018959258177604587
10_SOUTHEND,Southend Pier,83,-0.03481678676089522,-0.038276382404700784,-0.03135719111708965
10_SOUTHEND,Southend Pier,84,-0.04173233939799379,-0.04519193504179936,-0.038272743754188224
10_SOUTHEND,Southend Pier,85,-0.044082609892912746,-0.04754220553671831,-0.04062301424910718
10_SOUTHEND,Southend Pier,86,-0.04746071418140592,-0.050920309825211486,-0.04400111853760035
10_SOUTHEND,Southend Pier,87,-0.04442381807718941,-0.04788341372099498,-0.040964222433383844
10_SOUTHEND,Southend Pier,88,-0.0404373241636927,-0.04389691980749827,-0.036977728519887135
10_SOUTHEND,Southend Pier,89,-0.03672401142379663,-0.0401836070676022,-0.03326441577999106
10_SOUTHEND,Southend Pier,90,-0.02596419788653784,-0.029423793530343408,-0.022504602242732274
10_SOUTHEND,Southend Pier,91,-0.017194876145870116,-0.020654471789675683,-0.013735280502064549
10_SOUTHEND,Southend Pier,92,-0.011111625886643236,-0.014571221530448803,-0.007652030242837669
10_SOUTHEND,Southend Pier,93,-0.005986114532162442,-0.00944571017596801,-0.0025265188883568748
10_SOUTHEND,Southend Pier,94,0.0025966336861252028,-0.0008629619576803649,0.00605622932993077
10_SOUTHEND,Southend Pier,95,0.010571477483287814,0.007111881839482246,0.01403107312709338
10_SOUTHEND,Southend Pier,96,0.014508639435344944,0.011049043791539377,0.01796823507915051
10_SOUTHEND,Southend Pier,97,0.01865151210472944,0.015191916460923872,0.022111107748535006
10_SOUTHEND,Southend Pier,98,0.017013433788454803,0.013553838144649236,0.02047302943226037
10_SOUTHEND,Southend Pier,99,0.014777766138047954,0.011318170494242387,0.018237361781853523
10_SOUTHEND,Southend Pier,100,0.0048779193888281655,0.0014183237450225978,0.008337515032633733
10_SOUTHEND,Southend Pier,101,-0.0051066512342575745,-0.008566246878063143,-0.0016470555904520069
10_SOUTHEND,Southend Pier,102,-0.006541362809267321,-0.010000958453072889,-0.0030817671654617533
10_SOUTHEND,Southend Pier,103,-0.004513011225269264,-0.007972606869074831,-0.0010534155814636965
10_SOUTHEND,Southend Pier,104,0.00026903053840481007,-0.003190565105400758,0.0037286261822103775
10_SOUTHEND,Southend Pier,105,0.006175296171454169,0.002715700527648601,0.009634891815259736
10_SOUTHEND,Southend Pier,106,0.011226060458242622,0.007766464814437055,0.01468565610204819
10_SOUTHEND,Southend Pier,107,0.017019639937267326,0.013560044293461759,0.020479235581072893
10_SOUTHEND,Southend Pier,108,0.022259357408745725,0.018799761764940158,0.025718953052551292
10_SOUTHEND,Southend Pier,109,0.027506880666578207,0.02404728502277264,0.030966476310383774
10_SOUTHEND,Southend Pier,110,0.029623200196364868,0.0261636045525593,0.03308279584017044
10_SOUTHEND,Southend Pier,111,0.03179785791736249,0.028338262273556923,0.03525745356116806
10_SOUTHEND,Southend Pier,112,0.029198033670605614,0.025738438026800047,0.032657629314411185
10_SOUTHEND,Southend Pier,113,0.022369891163689877,0.01891029551988431,0.025829486807495444
10_SOUTHEND,Southend Pier,114,0.015914470796727403,0.012454875152921836,0.01937406644053297
10_SOUTHEND,Southend Pier,115,0.014551571713234089,0.011091976069428522,0.018011167357039656
10_SOUTHEND,Southend Pier,116,0.015722624692881732,0.012263029049076165,0.0191822203366873
10_SOUTHEND,Southend Pier,117,0.020816470170859438,0.01735687452705387,0.024276065814665005
10_SOUTHEND,Southend Pier,118,0.028753106253246907,0.02529351060944134,0.03221270189705248
10_SOUTHEND,Southend Pier,119,0.030070336184728527,0.02661074054092296,0.033529931828534094
10_SOUTHEND,Southend Pier,120,0.032084418621391296,0.02862482297758573,0.03554401426519686
10_SOUTHEND,Southend Pier,121,0.03118652231169532,0.027726926667889753,0.03464611795550089
10_SOUTHEND,Southend Pier,122,0.032689438648349035,0.029229843004543468,0.0361490342921546
10_SOUTHEND,Southend Pier,123,0.032418242222448074,0.028958646578642507,0.03587783786625364
10_SOUTHEND,Southend Pier,124,0.031514952639425504,0.028055356995619937,0.03497454828323107
10_SOUTHEND,Southend Pier,125,0.027464152709374315,0.024004557065568748,0.030923748353179882
10_SOUTHEND,Southend Pier,126,0.02224085332570248,0.018781257681896913,0.025700448969508047
10_SOUTHEND,Southend Pier,127,0.017574712240018057,0.01411511659621249,0.021034307883823624
10_SOUTHEND,Southend Pier,128,0.011536829234912041,0.008077233591106474,0.014996424878717609
10_SOUTHEND,Southend Pier,129,0.007361523753095771,0.003901928109290203,0.010821119396901339
10_SOUTHEND,Southend Pier,130,0.0037863856513277827,0.00032679000752221504,0.00724598129513335
10_SOUTHEND,Southend Pier,131,-0.002462608929910509,-0.005922204573716077,0.0009969867138950586
10_SOUTHEND,Southend Pier,132,-0.00460850777217788,-0.008068103415983447,-0.0011489121283723125
10_SOUTHEND,Southend Pier,133,-0.008456499574234728,-0.011916095218040296,-0.004996903930429161
10_SOUTHEND,Southend Pier,134,-0.01167573589433647,-0.015135331538142038,-0.008216140250530904
10_SOUTHEND,Southend Pier,135,-0.015554859843962541,-0.01901445548776811,-0.012095264200156974
10_SOUTHEND,Southend Pier,136,-0.014369565473854201,-0.01782916111765977,-0.010909969830048634
10_SOUTHEND,Southend Pier,137,-0.012728427327517583,-0.01618802297132315,-0.009268831683712016
10_SOUTHEND,Southend Pier,138,-0.016953383812412116,-0.020412979456217683,-0.013493788168606548
10_SOUTHEND,Southend Pier,139,-0.025193965890210335,-0.028653561534015902,-0.021734370246404768
10_SOUTHEND,Southend Pier,140,-0.031186299492779308,-0.03464589513658488,-0.02772670384897374
10_SOUTHEND,Southend Pier,141,-0.03480993216956862,-0.038269527813374185,-0.03135033652576305
10_SOUTHEND,Southend Pier,142,-0.02806297284608909,-0.03152256848989466,-0.024603377202283522
10_SOUTHEND,Southend Pier,143,-0.04547443117216361,-0.04893402681596918,-0.042014835528358045
10_SOUTHEND,Southend Pier,144,0.017942720745774292,0.014483125101968725,0.02140231638957986
10_SOUTHEND,Southend Pier,145,-0.09586196118903509,-0.09932155683284066,-0.09240236554522951
10_SOUTHEND,Southend Pier,146,0.014647516976183696,0.011187921332378128,0.018107112619989263
10_SOUTHEND,Southend Pier,147,-0.02937384316153317,-0.03283343880533874,-0.025914247517727602
10_SOUTHEND,Southend Pier,148,-0.012207155015838245,-0.015666750659643812,-0.008747559372032677
10_SOUTHEND,Southend Pier,149,0.01322746411006003,0.009767868466254463,0.0166870597538656
10_SOUTHEND,Southend Pier,150,0.050619327583101316,0.04715973193929575,0.05407892322690688
10_SOUTHEND,Southend Pier,151,0.08511698556481295,0.08165738992100738,0.08857658120861853
10_SOUTHEND,Southend Pier,152,0.09196845741623418,0.0885088617724286,0.09542805306003975
10_SOUTHEND,Southend Pier,153,0.07500741691700016,0.07154782127319459,0.07846701256080574
10_SOUTHEND,Southend Pier,154,0.04523478415489779,0.04177518851109222,0.048694379798703356
10_SOUTHEND,Southend Pier,155,0.021859869829978455,0.018400274186172887,0.025319465473784022
10_SOUTHEND,Southend Pier,156,0.0008790826811218123,-0.0025805129626837553,0.00433867832492738
10_SOUTHEND,Southend Pier,157,-0.0125773308761583,-0.016036926519963867,-0.009117735232352733
10_SOUTHEND,Southend Pier,158,-0.012613069936931055,-0.016072665580736622,-0.009153474293125487
10_SOUTHEND,Southend Pier,159,-0.011553705166683668,-0.015013300810489235,-0.0080941095228781
10_SOUTHEND,Southend Pier,160,-0.005508969649541086,-0.008968565293346654,-0.002049374005735518
10_SOUTHEND,Southend Pier,161,-0.006724335475002024,-0.010183931118807592,-0.0032647398311964567
10_SOUTHEND,Southend Pier,162,-0.004950412675876835,-0.008410008319682402,-0.0014908170320712673
10_SOUTHEND,Southend Pier,163,-0.0006723060815474906,-0.004131901725353058,0.002787289562258077
10_SOUTHEND,Southend Pier,164,0.00019372978144551852,-0.003265865862360049,0.0036533254252510863
10_SOUTHEND,Southend Pier,165,5.828475846239146e-05,-0.003401310885343176,0.003517880402267959
10_SOUTHEND,Southend Pier,166,0.000312166899116355,-0.0031474287446892125,0.003771762542921923
10_SOUTHEND,Southend Pier,167,-0.006563298470742342,-0.01002289411454791,-0.0031037028269367745
10_SOUTHEND,Southend Pier,168,-0.01194378457677358,-0.015403380220579146,-0.008484188932968012
10_SOUTHEND,Southend Pier,169,-0.01699717588348688,-0.020456771527292448,-0.013537580239681313
10_SOUTHEND,Southend Pier,170,-0.017382881287099715,-0.020842476930905282,-0.013923285643294148
10_SOUTHEND,Southend Pier,171,-0.01685874726091618,-0.02031834290472175,-0.013399151617110614
10_SOUTHEND,Southend Pier,172,-0.016758564091660873,-0.02021815973546644,-0.013298968447855306
10_SOUTHEND,Southend Pier,173,-0.01643666024083604,-0.019896255884641608,-0.012977064597030474
10_SOUTHEND,Southend Pier,174,-0.017732236323305665,-0.021191831967111233,-0.014272640679500098
10_SOUTHEND,Southend Pier,175,-0.018676868944689482,-0.02213646458849505,-0.015217273300883915
10_SOUTHEND,Southend Pier,176,-0.017835489251644857,-0.021295084895450424,-0.01437589360783929
10_SOUTHEND,Southend Pier,177,-0.018998578408158398,-0.022458174051963965,-0.01553898276435283
10_SOUTHEND,Southend Pier,178,-0.018626164821213924,-0.02208576046501949,-0.015166569177408357
10_SOUTHEND,Southend Pier,179,-0.020612126892247798,-0.024071722536053365,-0.01715253124844223
10_SOUTHEND,Southend Pier,180,-0.02162863931776045,-0.02508823496156602,-0.018169043673954884
10_SOUTHEND,Southend Pier,181,-0.02341951558760401,-0.026879111231409576,-0.019959919943798442
10_SOUTHEND,Southend Pier,182,-0.02408618133020366,-0.02754577697400923,-0.020626585686398094
10_SOUTHEND,Southend Pier,183,-0.022765059763272866,-0.026224655407078433,-0.0193054641194673
10_SOUTHEND,Southend Pier,184,-0.02275026057181911,-0.026209856215624678,-0.019290664928013544
10_SOUTHEND,Southend Pier,185,-0.022761118820781266,-0.026220714464586833,-0.0193015231769757
10_SOUTHEND,Southend Pier,186,-0.024316958589611384,-0.02777655423341695,-0.020857362945805816
10_SOUTHEND,Southend Pier,187,-0.024571730198522566,-0.028031325842328134,-0.021112134554717
10_SOUTHEND,Southend Pier,188,-0.0245126151021001,-0.027972210745905668,-0.021053019458294533
10_SOUTHEND,Southend Pier,189,-0.023906510683150323,-0.02736610632695589,-0.020446915039344756
10_SOUTHEND,Southend Pier,190,-0.019206363811040298,-0.022665959454845865,-0.01574676816723473
10_SOUTHEND,Southend Pier,191,-0.014765872045680311,-0.01822546768948588,-0.011306276401874744
10_SOUTHEND,Southend Pier,192,-0.011357546290078704,-0.014817141933884271,-0.007897950646273137
10_SOUTHEND,Southend Pier,193,-0.010074060538011452,-0.01353365618181702,-0.006614464894205885
10_SOUTHEND,Southend Pier,194,-0.010756872464745682,-0.014216468108551249,-0.007297276820940115
10_SOUTHEND,Southend Pier,195,-0.010484146225113039,-0.013943741868918606,-0.007024550581307472
10_SOUTHEND,Southend Pier,196,-0.012620055409098432,-0.016079651052904,-0.009160459765292865
10_SOUTHEND,Southend Pier,197,-0.010673941183589686,-0.014133536827395253,-0.007214345539784119
10_SOUTHEND,Southend Pier,198,-0.008615261594255037,-0.012074857238060604,-0.005155665950449469
10_SOUTHEND,Southend Pier,199,-0.0075350472827282085,-0.010994642926533776,-0.004075451638922641
10_SOUTHEND,Southend Pier,200,-0.01014998830280486,-0.013609583946610427,-0.0066903926589992925
10_SOUTHEND,Southend Pier,201,-0.0112238195203018,-0.014683415164107367,-0.007764223876496232
10_SOUTHEND,Southend Pier,202,-0.0060328996973830476,-0.009492495341188616,-0.00257330405357748
10_SOUTHEND,Southend Pier,203,-0.002991087557284512,-0.006450683201090079,0.0004685080865210558
10_SOUTHEND,Southend Pier,204,0.0019947140090142406,-0.001464881634791327,0.005454309652819808
10_SOUTHEND,Southend Pier,205,0.004302067176753998,0.0008424715329484306,0.0077616628205595655
10_SOUTHEND,Southend Pier,206,0.010575605973037253,0.007116010329231686,0.01403520161684282
10_SOUTHEND,Southend Pier,207,0.014033431273766876,0.010573835629961309,0.017493026917572443
10_SOUTHEND,Southend Pier,208,0.017590142346948827,0.01413054670314326,0.021049737990754394
10_SOUTHEND,Southend Pier,209,0.02289428140453964,0.019434685760734073,0.026353877048345208
10_SOUTHEND,Southend Pier,210,0.025898659881095968,0.0224390642372904,0.029358255524901535
10_SOUTHEND,Southend Pier,211,0.03297692141872286,0.029517325774917294,0.03643651706252843
10_SOUTHEND,Southend Pier,212,0.03350192215857036,0.030042326514764794,0.03696151780237593
10_SOUTHEND,Southend Pier,213,0.03768499439606143,0.034225398752255866,0.041144590039867
10_SOUTHEND,Southend Pier,214,0.03605946469649019,0.032599869052684624,0.03951906034029576
10_SOUTHEND,Southend Pier,215,0.04164828944312699,0.038188693799321424,0.04510788508693256
10_SOUTHEND,Southend Pier,216,0.03752255422113694,0.034062958577331374,0.04098214986494251
10_SOUTHEND,Southend Pier,217,0.03423127099893209,0.030771675355126524,0.03769086664273766
10_SOUTHEND,Southend Pier,218,0.03693036158324078,0.03347076593943521,0.040389957227046344
10_SOUTHEND,Southend Pier,219,0.032886650762023864,0.029427055118218297,0.03634624640582943
10_SOUTHEND,Southend Pier,220,0.023788703337473023,0.020329107693667456,0.02724829898127859
10_SOUTHEND,Southend Pier,221,0.018829924800171496,0.01537032915636593,0.022289520443977064
10_SOUTHEND,Southend Pier,222,0.008674116931707184,0.005214521287901617,0.012133712575512752
10_SOUTHEND,Southend Pier,223,-0.0016282436721916094,-0.005087839315997177,0.0018313519716139583
10_SOUTHEND,Southend Pier,224,-0.00224274609332271,-0.005702341737128278,0.0012168495504828575
10_SOUTHEND,Southend Pier,225,-0.0030791826450992594,-0.0065387782889048274,0.0003804129987063083
10_SOUTHEND,Southend Pier,226,-0.009305845306491185,-0.012765440950296752,-0.005846249662685618
10_SOUTHEND,Southend Pier,227,-0.011908529200645526,-0.015368124844451093,-0.008448933556839958
10_SOUTHEND,Southend Pier,228,-0.013342931916953776,-0.016802527560759343,-0.009883336273148208
10_SOUTHEND,Southend Pier,229,-0.008204722710761609,-0.011664318354567176,-0.004745127066956041
10_SOUTHEND,Southend Pier,230,-0.006951070903477592,-0.01041066654728316,-0.0034914752596720247
10_SOUTHEND,Southend Pier,231,0.0004729221034196992,-0.0029866735403858684,0.003932517747225267
10_SOUTHEND,Southend Pier,232,0.014311067225854596,0.010851471582049028,0.017770662869660163
10_SOUTHEND,Southend Pier,233,0.01733202280330223,0.013872427159496662,0.020791618447107797
10_SOUTHEND,Southend Pier,234,0.021467771690419267,0.0180081760466137,0.024927367334224834
10_SOUTHEND,Southend Pier,235,0.02217473125509806,0.018715135611292493,0.025634326898903628
10_SOUTHEND,Southend Pier,236,0.026424440119247765,0.022964844475442198,0.029884035763053332
10_SOUTHEND,Southend Pier,237,0.02731645461868754,0.023856858974881972,0.030776050262493106
10_SOUTHEND,Southend Pier,238,0.025906882346293455,0.022447286702487888,0.029366477990099022
10_SOUTHEND,Southend Pier,239,0.02415807200321325,0.02069847635940768,0.027617667647018816
10_SOUTHEND,Southend Pier,240,0.017939723476835864,0.014480127833030296,0.02139931912064143
10_SOUTHEND,Southend Pier,241,0.01365997799174865,0.010200382347943083,0.01711957363555422
10_SOUTHEND,Southend Pier,242,0.009143786065962708,0.005684190422157141,0.012603381709768276
10_SOUTHEND,Southend Pier,243,0.0021160511477873577,-0.00134354449601821,0.005575646791592925
10_SOUTHEND,Southend Pier,244,-0.0012664901607766542,-0.004726085804582222,0.0021931054830289136
10_SOUTHEND,Southend Pier,245,-0.002306911821515429,-0.005766507465320997,0.0011526838222901386
10_SOUTHEND,Southend Pier,246,-0.003475555172187912,-0.0069351508159934796,-1.595952838234424e-05
10_SOUTHEND,Southend Pier,247,-0.00804757735588007,-0.011507172999685638,-0.004587981712074503
10_SOUTHEND,Southend Pier,248,-0.01321805933333696,-0.016677654977142527,-0.009758463689531392
10_SOUTHEND,Southend Pier,249,-0.017925337961104054,-0.02138493360490962,-0.014465742317298486
10_SOUTHEND,Southend Pier,250,-0.01910655750328253,-0.022566153147088097,-0.015646961859476963
10_SOUTHEND,Southend Pier,251,-0.017668504521415277,-0.021128100165220844,-0.01420890887760971
10_SOUTHEND,Southend Pier,252,-0.014870469686897697,-0.018330065330703266,-0.01141087404309213
10_SOUTHEND,Southend Pier,253,-0.013073412588003775,-0.016533008231809344,-0.009613816944198208
10_SOUTHEND,Southend Pier,254,-0.011838810033477127,-0.015298405677282695,-0.00837921438967156
10_SOUTHEND,Southend Pier,255,-0.010489953659340601,-0.013949549303146168,-0.007030358015535034
10_SOUTHEND,Southend Pier,256,-0.012318257307904878,-0.015777852951710445,-0.00885866166409931
10_SOUTHEND,Southend Pier,257,-0.010352025437586275,-0.013811621081391843,-0.006892429793780708
10_SOUTHEND,Southend Pier,258,-0.00849254072037925,-0.011952136364184818,-0.005032945076573684
10_SOUTHEND,Southend Pier,259,-0.006583989012910574,-0.010043584656716141,-0.003124393369105006
10_SOUTHEND,Southend Pier,260,-0.007094857567068476,-0.010554453210874044,-0.0036352619232629083
10_SOUTHEND,Southend Pier,261,-0.003615120455491618,-0.007074716099297185,-0.00015552481168605017
10_SOUTHEND,Southend Pier,262,-0.0013046198124666165,-0.004764215456272184,0.002154975831338951
10_SOUTHEND,Southend Pier,263,0.000968843305656424,-0.002490752338149144,0.0044284389494619915
10_SOUTHEND,Southend Pier,264,0.0050382965921076175,0.0015787009483020499,0.008497892235913185
10_SOUTHEND,Southend Pier,265,0.008826867116305221,0.005367271472499654,0.012286462760110788
10_SOUTHEND,Southend Pier,266,0.010978943033487537,0.00751934738968197,0.014438538677293104
10_SOUTHEND,Southend Pier,267,0.010289904337567867,0.0068303086937622996,0.013749499981373434
10_SOUTHEND,Southend Pier,268,0.009582800582610133,0.0061232049388045655,0.0130423962264157
10_SOUTHEND,Southend Pier,269,0.0064973566921046515,0.003037761048299084,0.00995695233591022
10_SOUTHEND,Southend Pier,270,0.004863377264618669,0.0014037816208131017,0.008322972908424237
10_SOUTHEND,Southend Pier,271,0.0038073219411299303,0.00034772629732436264,0.007266917584935498
10_SOUTHEND,Southend Pier,272,0.0033599488382464685,-9.964680555909914e-05,0.006819544482052036
10_SOUTHEND,Southend Pier,273,0.0011049753882854216,-0.002354620255520146,0.0045645710320909895
10_SOUTHEND,Southend Pier,274,0.0014625587733437537,-0.001997036870461814,0.004922154417149322
10_SOUTHEND,Southend Pier,275,0.0003509550970624417,-0.003108640546743126,0.0038105507408680095
10_SOUTHEND,Southend Pier,276,-0.0032324663982533294,-0.006692062042058897,0.00022712924555223822
10_SOUTHEND,Southend Pier,277,-0.004050287868228407,-0.007509883512033974,-0.0005906922244228396
10_SOUTHEND,Southend Pier,278,-0.005559978518644358,-0.009019574162449926,-0.00210038287483879
10_SOUTHEND,Southend Pier,279,-0.005429066565958111,-0.008888662209763679,-0.001969470922152543
10_SOUTHEND,Southend Pier,280,-0.006420512617573054,-0.009880108261378622,-0.0029609169737674864
10_SOUTHEND,Southend Pier,281,-0.007138972727871077,-0.010598568371676645,-0.0036793770840655095
10_SOUTHEND,Southend Pier,282,-0.005743275991657519,-0.009202871635463086,-0.0022836803478519514
10_SOUTHEND,Southend Pier,283,-0.004277455709817798,-0.007737051353623365,-0.0008178600660122301
10_SOUTHEND,Southend Pier,284,-0.0007067820433475402,-0.004166377687153108,0.0027528136004580277
10_SOUTHEND,Southend Pier,285,0.0034313962516272166,-2.819939217835101e-05,0.006890991895432784
10_SOUTHEND,Southend Pier,286,0.007601657825073971,0.004142062181268403,0.01106125346887954
10_SOUTHEND,Southend Pier,287,-0.0018541033622506901,-0.005313699006056258,0.0016054922815548775
10_SOUTHEND,Southend Pier,288,0.030393609849172134,0.026934014205366567,0.033853205492977705
09a_CORYTON_THAMESHAVEN,Coryton (Thameshaven),0,1.0,1.0,1.0
09a_CORYTON_THAMESHAVEN,Coryton (Thameshaven),1,0.996353991644906,0.9918591815638991,1.000848801725913
09a_CORYTON_THAMESHAVEN,Coryton (Thameshaven),2,-0.9938140355113505,-0.9983088455923574,-0.9893192254303436
09a_CORYTON_THAMESHAVEN,Coryton (Thameshaven),3,-0.31607719270059903,-0.32057200278160597,-0.3115823826195921
09a_CORYTON_THAMESHAVEN,Coryton (Thameshaven),4,0.07669217856243772,0.07219736848143077,0.08118698864344467
09a_CORYTON_THAMESHAVEN,Coryton (Thameshaven),5,0.15853825404466174,0.1540434439636548,0.16303306412566868
09a_CORYTON_THAMESHAVEN,Coryton (Thameshaven),6,0.1253199657769464,0.12082515569593945,0.12981477585795334
09a_CORYTON_THAMESHAVEN,Coryton (Thameshaven),7,0.03907618448860214,0.03458137440759519,0.043570994569609084
09a_CORYTON_THAMESHAVEN,Coryton (Thameshaven),8,-0.037505391116119356,-0.0420002011971263,-0.03301058103511241
09a_CORYTON_THAMESHAVEN,Coryton (Thameshaven),9,-0.07296174214346547,-0.07745655222447242,-0.06846693206245852
09a_CORYTON_THAMESHAVEN,Coryton (Thameshaven),10,-0.09253871618980766,-0.09703352627081462,-0.08804390610880071
09a_CORYTON_THAMESHAVEN,Coryton (Thameshaven),11,-0.10527112765643884,-0.10976593773744579,-0.10077631757543189
09a_CORYTON_THAMESHAVEN,Coryton (Thameshaven),12,-0.10161925386067963,-0.10611406394168658,-0.09712444377967268
09a_CORYTON_THAMESHAVEN,Coryton (Thameshaven),13,-0.09586616814917089,-0.10036097823017784,-0.09137135806816393
09a_CORYTON_THAMESHAVEN,Coryton (Thameshaven),14,-0.07929292368498897,-0.08378773376599592,-0.07479811360398202
09a_CORYTON_THAMESHAVEN,Coryton (Thameshaven),15,-0.05225429968246058,-0.056749109763467524,-0.04775948960145363
09a_CORYTON_THAMESHAVEN,Coryton (Thameshaven),16,-0.02448976965649787,-0.028984579737504818,-0.019994959575490925
09a_CORYTON_THAMESHAVEN,Coryton (Thameshaven),17,-0.0027077773065627207,-0.007202587387569669,0.001787032774444227
09a_CORYTON_THAMESHAVEN,Coryton (Thameshaven),18,0.011174642654008837,0.006679832573001889,0.015669452735015785
09a_CORYTON_THAMESHAVEN,Coryton (Thameshaven),19,0.02329599119291535,0.0188011811119084,0.0277908012739223
09a_CORYTON_THAMESHAVEN,Coryton (Thameshaven),20,0.0218573512021251,0.017362541121118152,0.026352161283132045
09a_CORYTON_THAMESHAVEN,Coryton (Thameshaven),21,0.013139457579362928,0.00864464749835598,0.017634267660369875
09a_CORYTON_THAMESHAVEN,Coryton (Thameshaven),22,0.0012748669105148163,-0.0032199431704921315,0.005769676991521764
09a_CORYTON_THAMESHAVEN,Coryton (Thameshaven),23,-0.016465278491997255,-0.0209600885730042,-0.011970468410990307
09a_CORYTON_THAMESHAVEN,Coryton (Thameshaven),24,-0.022060973389333605,-0.02655578347034055,-0.01756616330832666
09a_CORYTON_THAMESHAVEN,Coryton (Thameshaven),25,-0.023236859285878386,-0.027731669366885335,-0.018742049204871436
09a_CORYTON_THAMESHAVEN,Coryton (Thameshaven),26,-0.023726514211739342,-0.02822132429274629,-0.019231704130732392
09a_CORYTON_THAMESHAVEN,Coryton (Thameshaven),27,-0.02002602206323992,-0.02452083214424687,-0.015531211982232973
09a_CORYTON_THAMESHAVEN,Coryton (Thameshaven),28,-0.014922911245148596,-0.019417721326155546,-0.010428101164141649
09a_CORYTON_THAMESHAVEN,Coryton (Thameshaven),29,-0.015703830367815537,-0.020198640448822483,-0.011209020286808589
09a_CORYTON_THAMESHAVEN,Coryton (Thameshaven),30,-0.009075974921527874,-0.013570785002534821,-0.004581164840520926
09a_CORYTON_THAMESHAVEN,Coryton (Thameshaven),31,-0.0029720371554885156,-0.007466847236495463,0.0015227729255184322
09a_CORYTON_THAMESHAVEN,Coryton (Thameshaven),32,0.008340509559400005,0.003845699478393057,0.012835319640406953
09a_CORYTON_THAMESHAVEN,Coryton (Thameshaven),33,0.02486559451995055,0.0203707844389436,0.0293604046009575
09a_CORYTON_THAMESHAVEN,Coryton (Thameshaven),34,0.04151436196299778,0.03701955188199083,0.046009172044004724
09a_CORYTON_THAMESHAVEN,Coryton (Thameshaven),35,0.049041241517651955,0.04454643143664501,0.0535360515986589
09a_CORYTON_THAMESHAVEN,Coryton (Thameshaven),36,0.052441589358075275,0.04794677927706833,0.05693639943908222
09a_CORYTON_THAMESHAVEN,Coryton (Thameshaven),37,0.05268507202654649,0.04819026194553954,0.05717988210755343
09a_CORYTON_THAMESHAVEN,Coryton (Thameshaven),38,0.05035975300769745,0.0458649429266905,0.05485456308870439
09a_CORYTON_THAMESHAVEN,Coryton (Thameshaven),39,0.044557027150724675,0.04006221706971773,0.04905183723173162
09a_CORYTON_THAMESHAVEN,Coryton (Thameshaven),40,0.034563956372777684,0.030069146291770738,0.03905876645378463
09a_CORYTON_THAMESHAVEN,Coryton (Thameshaven),41,0.026143685855412827,0.021648875774405878,0.030638495936419777
09a_CORYTON_THAMESHAVEN,Coryton (Thameshaven),42,0.019198183515558243,0.014703373434551295,0.02369299359656519
09a_CORYTON_THAMESHAVEN,Coryton (Thameshaven),43,0.011509769735729048,0.007014959654722101,0.016004579816735996
09a_CORYTON_THAMESHAVEN,Coryton (Thameshaven),44,0.009393396578273726,0.004898586497266778,0.013888206659280674
09a_CORYTON_THAMESHAVEN,Coryton (Thameshaven),45,0.010782656121733951,0.006287846040727003,0.015277466202740899
09a_CORYTON_THAMESHAVEN,Coryton (Thameshaven),46,0.01475800159517204,0.010263191514165092,0.01925281167617899
09a_CORYTON_THAMESHAVEN,Coryton (Thameshaven),47,0.022210928424656273,0.017716118343649327,0.02670573850566322
09a_CORYTON_THAMESHAVEN,Coryton (Thameshaven),48,0.029101437363930407,0.02460662728292346,0.033596247444937354
09a_CORYTON_THAMESHAVEN,Coryton (Thameshaven),49,0.046805568079638565,0.04231075799863162,0.05130037816064551
09a_CORYTON_THAMESHAVEN,Coryton (Thameshaven),50,0.06294443473608284,0.058449624655075895,0.0674392448170898
09a_CORYTON_THAMESHAVEN,Coryton (Thameshaven),51,0.07944372118293352,0.07494891110192657,0.08393853126394048
09a_CORYTON_THAMESHAVEN,Coryton (Thameshaven),52,0.08990018926673703,0.08540537918573007,0.09439499934774398
09a_CORYTON_THAMESHAVEN,Coryton (Thameshaven),53,0.08480316276366755,0.0803083526826606,0.0892979728446745
09a_CORYTON_THAMESHAVEN,Coryton (Thameshaven),54,0.07601486830150858,0.07152005822050163,0.08050967838251553
09a_CORYTON_THAMESHAVEN,Coryton (Thameshaven),55,0.0678371585222727,0.06334234844126575,0.07233196860327966
09a_CORYTON_THAMESHAVEN,Coryton (Thameshaven),56,0.056445699208623176,0.05195088912761623,0.06094050928963012
09a_CORYTON_THAMESHAVEN,Coryton (Thameshaven),57,0.04207130415307466,0.037576494072067715,0.04656611423408161
09a_CORYTON_THAMESHAVEN,Coryton (Thameshaven),58,0.03391026670092859,0.02941545661992164,0.038405076781935533
09a_CORYTON_THAMESHAVEN,Coryton (Thameshaven),59,0.014556506859315676,0.010061696778308728,0.019051316940322624
09a_CORYTON_THAMESHAVEN,Coryton (Thameshaven),60,-0.003554253037656043,-0.008049063118662991,0.0009405570433509047
09a_CORYTON_THAMESHAVEN,Coryton (Thameshaven),61,-0.03666288660939163,-0.04115769669039858,-0.03216807652838469
09a_CORYTON_THAMESHAVEN,Coryton (Thameshaven),62,-0.06168262150481469,-0.06617743158582164,-0.057187811423807744
09a_CORYTON_THAMESHAVEN,Coryton (Thameshaven),63,-0.08180309180954756,-0.08629790189055452,-0.07730828172854061
09a_CORYTON_THAMESHAVEN,Coryton (Thameshaven),64,-0.0910325855639163,-0.09552739564492325,-0.08653777548290935
09a_CORYTON_THAMESHAVEN,Coryton (Thameshaven),65,-0.09790832573760344,-0.1024031358186104,-0.09341351565659649
09a_CORYTON_THAMESHAVEN,Coryton (Thameshaven),66,-0.09594704354844685,-0.1004418536294538,-0.0914522334674399
09a_CORYTON_THAMESHAVEN,Coryton (Thameshaven),67,-0.08907391829969534,-0.09356872838070229,-0.08457910821868839
09a_CORYTON_THAMESHAVEN,Coryton (Thameshaven),68,-0.07815645409276915,-0.0826512641737761,-0.0736616440117622
09a_CORYTON_THAMESHAVEN,Coryton (Thameshaven),69,-0.07145971530490236,-0.07595452538590931,-0.06696490522389541
09a_CORYTON_THAMESHAVEN,Coryton (Thameshaven),70,-0.0541406185245207,-0.058635428605527645,-0.04964580844351375
09a_CORYTON_THAMESHAVEN,Coryton (Thameshaven),71,-0.04340160821618457,-0.04789641829719152,-0.038906798135177625
09a_CORYTON_THAMESHAVEN,Coryton (Thameshaven),72,-0.023553612187218353,-0.0280484222682253,-0.019058802106211407
09a_CORYTON_THAMESHAVEN,Coryton (Thameshaven),73,-0.005920349811688902,-0.01041515989269585,-0.0014255397306819542
09a_CORYTON_THAMESHAVEN,Coryton (Thameshaven),74,0.02090269795679803,0.01640788787579108,0.02539750803780498
09a_CORYTON_THAMESHAVEN,Coryton (Thameshaven),75,0.04513745157650512,0.04064264149549818,0.04963226165751207
09a_CORYTON_THAMESHAVEN,Coryton (Thameshaven),76,0.07155451344157696,0.06705970336057,0.07604932352258391
09a_CORYTON_THAMESHAVEN,Coryton (Thameshaven),77,0.0734614689503813,0.06896665886937435,0.07795627903138826
09a_CORYTON_THAMESHAVEN,Coryton (Thameshaven),78,0.06574035630790635,0.06124554622689941,0.0702351663889133
09a_CORYTON_THAMESHAVEN,Coryton (Thameshaven),79,0.0451665874467845,0.04067177736577755,0.049661397527791445
09a_CORYTON_THAMESHAVEN,Coryton (Thameshaven),80,0.021723808986730143,0.017228998905723193,0.026218619067737092
09a_CORYTON_THAMESHAVEN,Coryton (Thameshaven),81,-0.0008878397583464207,-0.005382649839353369,0.003606970322660527
09a_CORYTON_THAMESHAVEN,Coryton (Thameshaven),82,-0.013282244339966517,-0.017777054420973465,-0.00878743425895957
09a_CORYTON_THAMESHAVEN,Coryton (Thameshaven),83,-0.021151159802706855,-0.0256459698837138,-0.01665634972169991
09a_CORYTON_THAMESHAVEN,Coryton (Thameshaven),84,-0.028019411733940354,-0.0325142218149473,-0.023524601652933408
09a_CORYTON_THAMESHAVEN,Coryton (Thameshaven),85,-0.03326611077904033,-0.03776092086004727,-0.02877130069803338
09a_CORYTON_THAMESHAVEN,Coryton (Thameshaven),86,-0.03607551800144719,-0.040570328082454137,-0.031580707920440244
09a_CORYTON_THAMESHAVEN,Coryton (Thameshaven),87,-0.041172037857068765,-0.04566684793807571,-0.03667722777606182
09a_CORYTON_THAMESHAVEN,Coryton (Thameshaven),88,-0.04174592030246721,-0.046240730383474156,-0.037251110221460264
09a_CORYTON_THAMESHAVEN,Coryton (Thameshaven),89,-0.040377446184011546,-0.04487225626501849,-0.0358826361030046
09a_CORYTON_THAMESHAVEN,Coryton (Thameshaven),90,-0.034153690151318104,-0.03864850023232505,-0.029658880070311158
09a_CORYTON_THAMESHAVEN,Coryton (Thameshaven),91,-0.027722543862548524,-0.032217353943555474,-0.023227733781541575
09a_CORYTON_THAMESHAVEN,Coryton (Thameshaven),92,-0.017147559916253257,-0.021642369997260207,-0.01265274983524631
09a_CORYTON_THAMESHAVEN,Coryton (Thameshaven),93,-0.0022354071573215516,-0.0067302172383284994,0.002259402923685396
09a_CORYTON_THAMESHAVEN,Coryton (Thameshaven),94,0.009024269666933057,0.004529459585926109,0.013519079747940005
09a_CORYTON_THAMESHAVEN,Coryton (Thameshaven),95,0.010455091036703354,0.005960280955696406,0.014949901117710301
09a_CORYTON_THAMESHAVEN,Coryton (Thameshaven),96,0.011585060306764221,0.007090250225757273,0.01607987038777117
09a_CORYTON_THAMESHAVEN,Coryton (Thameshaven),97,0.004493380465261004,-1.4296157459436562e-06,0.008988190546267951
09a_CORYTON_THAMESHAVEN,Coryton (Thameshaven),98,0.00307741027737928,-0.0014173998036276676,0.007572220358386228
09a_CORYTON_THAMESHAVEN,Coryton (Thameshaven),99,0.0013297292862264483,-0.0031650807947804995,0.005824539367233397
09a_CORYTON_THAMESHAVEN,Coryton (Thameshaven),100,0.004111465998328607,-0.0003833440826783406,0.008606276079335555
09a_CORYTON_THAMESHAVEN,Coryton (Thameshaven),101,0.002390100321336776,-0.002104709759670172,0.006884910402343724
09a_CORYTON_THAMESHAVEN,Coryton (Thameshaven),102,0.00393441602570152,-0.0005603940553054274,0.008429226106708468
09a_CORYTON_THAMESHAVEN,Coryton (Thameshaven),103,0.00038978003212371596,-0.004105030048883232,0.004884590113130664
09a_CORYTON_THAMESHAVEN,Coryton (Thameshaven),104,-0.00449040368591556,-0.008985213766922507,4.406395091387759e-06
09a_CORYTON_THAMESHAVEN,Coryton (Thameshaven),105,-0.004359700049842298,-0.008854510130849246,0.00013511003116464977
09a_CORYTON_THAMESHAVEN,Coryton (Thameshaven),106,-0.0010798703094432652,-0.005574680390450213,0.0034149397715636824
09a_CORYTON_THAMESHAVEN,Coryton (Thameshaven),107,0.002899693976760347,-0.0015951161042466007,0.007394504057767295
09a_CORYTON_THAMESHAVEN,Coryton (Thameshaven),108,0.0079033498267215,0.003408539745714553,0.012398159907728449
09a_CORYTON_THAMESHAVEN,Coryton (Thameshaven),109,0.012260077812519223,0.007765267731512275,0.016754887893526173
09a_CORYTON_THAMESHAVEN,Coryton (Thameshaven),110,0.014463591897917946,0.009968781816910998,0.018958401978924892
09a_CORYTON_THAMESHAVEN,Coryton (Thameshaven),111,0.016602321783194162,0.012107511702187214,0.02109713186420111
09a_CORYTON_THAMESHAVEN,Coryton (Thameshaven),112,0.01955661767083928,0.01506180758983233,0.024051427751846224
09a_CORYTON_THAMESHAVEN,Coryton (Thameshaven),113,0.01956427509200438,0.015069465010997431,0.02405908517301133
09a_CORYTON_THAMESHAVEN,Coryton (Thameshaven),114,0.022845798341324105,0.018350988260317155,0.027340608422331054
09a_CORYTON_THAMESHAVEN,Coryton (Thameshaven),115,0.021660137797165628,0.017165327716158682,0.026154947878172574
09a_CORYTON_THAMESHAVEN,Coryton (Thameshaven),116,0.022975625911123006,0.018480815830116057,0.027470435992129956
09a_CORYTON_THAMESHAVEN,Coryton (Thameshaven),117,0.0194652260566917,0.01497041597568475,0.023960036137698648
09a_CORYTON_THAMESHAVEN,Coryton (Thameshaven),118,0.023886790478173933,0.019391980397166983,0.028381600559180882
09a_CORYTON_THAMESHAVEN,Coryton (Thameshaven),119,0.02123798982382981,0.016743179742822863,0.025732799904836755
09a_CORYTON_THAMESHAVEN,Coryton (Thameshaven),120,0.028172251563224903,0.023677441482217954,0.03266706164423185
09a_CORYTON_THAMESHAVEN,Coryton (Thameshaven),121,0.030294769668702124,0.025799959587695175,0.034789579749709074
09a_CORYTON_THAMESHAVEN,Coryton (Thameshaven),122,0.03486346525981647,0.030368655178809524,0.039358275340823416
09a_CORYTON_THAMESHAVEN,Coryton (Thameshaven),123,0.0357833676053963,0.03128855752438935,0.040278177686403245
09a_CORYTON_THAMESHAVEN,Coryton (Thameshaven),124,0.040867854628242634,0.03637304454723569,0.04536266470924958
09a_CORYTON_THAMESHAVEN,Coryton (Thameshaven),125,0.042632791500215206,0.03813798141920826,0.04712760158122215
09a_CORYTON_THAMESHAVEN,Coryton (Thameshaven),126,0.040525828838505834,0.03603101875749889,0.04502063891951278
09a_CORYTON_THAMESHAVEN,Coryton (Thameshaven),127,0.03584810735296747,0.031353297271960526,0.04034291743397442
09a_CORYTON_THAMESHAVEN,Coryton (Thameshaven),128,0.025741515810178108,0.02124670572917116,0.030236325891185058
09a_CORYTON_THAMESHAVEN,Coryton (Thameshaven),129,0.018469644548560923,0.013974834467553975,0.022964454629567872
09a_CORYTON_THAMESHAVEN,Coryton (Thameshaven),130,0.008338492359559222,0.0038436822785522743,0.01283330244056617
09a_CORYTON_THAMESHAVEN,Coryton (Thameshaven),131,0.0008209511204358017,-0.003673858960571146,0.005315761201442749
09a_CORYTON_THAMESHAVEN,Coryton (Thameshaven),132,-0.0026206956917037374,-0.007115505772710685,0.0018741143893032104
09a_CORYTON_THAMESHAVEN,Coryton (Thameshaven),133,-0.0016549229466171708,-0.006149733027624118,0.0028398871343897772
09a_CORYTON_THAMESHAVEN,Coryton (Thameshaven),134,-0.0072090485534176355,-0.011703858634424583,-0.0027142384724106877
09a_CORYTON_THAMESHAVEN,Coryton (Thameshaven),135,-0.008185691378964757,-0.012680501459971705,-0.0036908812979578095
09a_CORYTON_THAMESHAVEN,Coryton (Thameshaven),136,-0.012334102169555031,-0.01682891225056198,-0.007839292088548083
09a_CORYTON_THAMESHAVEN,Coryton (Thameshaven),137,-0.018766547643533728,-0.023261357724540674,-0.01427173756252678
09a_CORYTON_THAMESHAVEN,Coryton (Thameshaven),138,-0.023775523685215218,-0.028270333766222164,-0.01928071360420827
09a_CORYTON_THAMESHAVEN,Coryton (Thameshaven),139,-0.033201871002631854,-0.0376966810836388,-0.028707060921624908
09a_CORYTON_THAMESHAVEN,Coryton (Thameshaven),140,-0.03440303897748204,-0.03889784905848898,-0.02990822889647509
09a_CORYTON_THAMESHAVEN,Coryton (Thameshaven),141,-0.03335781542692605,-0.037852625507932995,-0.028863005345919103
09a_CORYTON_THAMESHAVEN,Coryton (Thameshaven),142,-0.029012452971969277,-0.03350726305297622,-0.02451764289096233
09a_CORYTON_THAMESHAVEN,Coryton (Thameshaven),143,-0.044855972342461616,-0.04935078242346856,-0.04036116226145467
09a_CORYTON_THAMESHAVEN,Coryton (Thameshaven),144,0.009468039194760854,0.0049732291137539065,0.013962849275767802
09a_CORYTON_THAMESHAVEN,Coryton (Thameshaven),145,-0.0983065062713113,-0.10280131635231825,-0.09381169619030434
09a_CORYTON_THAMESHAVEN,Coryton (Thameshaven),146,0.017792785167395856,0.013297975086388908,0.022287595248402806
09a_CORYTON_THAMESHAVEN,Coryton (Thameshaven),147,-0.05167500396536554,-0.05616981404637249,-0.047180193884358596
09a_CORYTON_THAMESHAVEN,Coryton (Thameshaven),148,-0.014212566026863785,-0.01870737610787073,-0.009717755945856837
09a_CORYTON_THAMESHAVEN,Coryton (Thameshaven),149,0.01897591314756211,0.014481103066555161,0.02347072322856906
09a_CORYTON_THAMESHAVEN,Coryton (Thameshaven),150,0.050073592765093315,0.04557878268408637,0.05456840284610026
09a_CORYTON_THAMESHAVEN,Coryton (Thameshaven),151,0.07636467635504286,0.07186986627403591,0.08085948643604982
09a_CORYTON_THAMESHAVEN,Coryton (Thameshaven),152,0.07931857460950412,0.07482376452849716,0.08381338469051107
09a_CORYTON_THAMESHAVEN,Coryton (Thameshaven),153,0.06251987961117202,0.05802506953016507,0.06701468969217897
09a_CORYTON_THAMESHAVEN,Coryton (Thameshaven),154,0.03817162308841694,0.033676813007409996,0.04266643316942389
09a_CORYTON_THAMESHAVEN,Coryton (Thameshaven),155,0.01932290139389738,0.014828091312890432,0.02381771147490433
09a_CORYTON_THAMESHAVEN,Coryton (Thameshaven),156,0.007074264781304997,0.002579454700298049,0.011569074862311944
09a_CORYTON_THAMESHAVEN,Coryton (Thameshaven),157,0.005387932702469751,0.0008931226214628036,0.0098827427834767
09a_CORYTON_THAMESHAVEN,Coryton (Thameshaven),158,0.004462106919743786,-3.2703161263161924e-05,0.008956917000750735
09a_CORYTON_THAMESHAVEN,Coryton (Thameshaven),159,0.008923454211972532,0.0044286441309655845,0.01341826429297948
09a_CORYTON_THAMESHAVEN,Coryton (Thameshaven),160,0.0066333437017489115,0.0021385336207419637,0.011128153782755858
09a_CORYTON_THAMESHAVEN,Coryton (Thameshaven),161,0.0009478771683023567,-0.003546932912704591,0.005442687249309305
09a_CORYTON_THAMESHAVEN,Coryton (Thameshaven),162,0.001197522350057346,-0.0032972877309496015,0.005692332431064294
09a_CORYTON_THAMESHAVEN,Coryton (Thameshaven),163,-0.0018265124521517691,-0.006321322533158717,0.002668297628855179
09a_CORYTON_THAMESHAVEN,Coryton (Thameshaven),164,-0.004122380422861441,-0.008617190503868388,0.0003724296581455065
09a_CORYTON_THAMESHAVEN,Coryton (Thameshaven),165,-0.005858523673653131,-0.010353333754660079,-0.001363713592646183
09a_CORYTON_THAMESHAVEN,Coryton (Thameshaven),166,-0.0068622262485593805,-0.011357036329566328,-0.0023674161675524327
09a_CORYTON_THAMESHAVEN,Coryton (Thameshaven),167,-0.006851151125305537,-0.011345961206312486,-0.0023563410442985896
09a_CORYTON_THAMESHAVEN,Coryton (Thameshaven),168,-0.011584410588764735,-0.01607922066977168,-0.007089600507757787
09a_CORYTON_THAMESHAVEN,Coryton (Thameshaven),169,-0.01089600872386001,-0.015390818804866958,-0.006401198642853063
09a_CORYTON_THAMESHAVEN,Coryton (Thameshaven),170,-0.017636318722410397,-0.022131128803417346,-0.013141508641403449
09a_CORYTON_THAMESHAVEN,Coryton (Thameshaven),171,-0.01888189081967813,-0.023376700900685075,-0.014387080738671182
09a_CORYTON_THAMESHAVEN,Coryton (Thameshaven),172,-0.019504771029460945,-0.02399958111046789,-0.015009960948453997
09a_CORYTON_THAMESHAVEN,Coryton (Thameshaven),173,-0.015099455878138818,-0.019594265959145766,-0.01060464579713187
09a_CORYTON_THAMESHAVEN,Coryton (Thameshaven),174,-0.013980812446674628,-0.018475622527681576,-0.00948600236566768
09a_CORYTON_THAMESHAVEN,Coryton (Thameshaven),175,-0.008392773029053403,-0.01288758311006035,-0.003897962948046455
09a_CORYTON_THAMESHAVEN,Coryton (Thameshaven),176,-0.008843765254022931,-0.013338575335029879,-0.004348955173015983
09a_CORYTON_THAMESHAVEN,Coryton (Thameshaven),177,-0.00936212497501823,-0.013856935056025178,-0.004867314894011283
09a_CORYTON_THAMESHAVEN,Coryton (Thameshaven),178,-0.00928986877543924,-0.013784678856446188,-0.0047950586944322925
09a_CORYTON_THAMESHAVEN,Coryton (Thameshaven),179,-0.011183490097900414,-0.01567830017890736,-0.0066886800168934665
09a_CORYTON_THAMESHAVEN,Coryton (Thameshaven),180,-0.015285552515972904,-0.01978036259697985,-0.010790742434965956
09a_CORYTON_THAMESHAVEN,Coryton (Thameshaven),181,-0.017349605395144314,-0.021844415476151263,-0.012854795314137366
09a_CORYTON_THAMESHAVEN,Coryton (Thameshaven),182,-0.0201415078633056,-0.02463631794431255,-0.01564669778229865
09a_CORYTON_THAMESHAVEN,Coryton (Thameshaven),183,-0.02043698418509382,-0.024931794266100767,-0.015942174104086874
09a_CORYTON_THAMESHAVEN,Coryton (Thameshaven),184,-0.024088177037841756,-0.028582987118848706,-0.019593366956834807
09a_CORYTON_THAMESHAVEN,Coryton (Thameshaven),185,-0.026462823601900904,-0.030957633682907854,-0.021968013520893954
09a_CORYTON_THAMESHAVEN,Coryton (Thameshaven),186,-0.027678912023949932,-0.03217372210495688,-0.023184101942942986
09a_CORYTON_THAMESHAVEN,Coryton (Thameshaven),187,-0.02500531427008153,-0.02950012435108848,-0.02051050418907458
09a_CORYTON_THAMESHAVEN,Coryton (Thameshaven),188,-0.024924026238544037,-0.029418836319550987,-0.020429216157537088
09a_CORYTON_THAMESHAVEN,Coryton (Thameshaven),189,-0.02744171882473381,-0.03193652890574076,-0.02294690874372686
09a_CORYTON_THAMESHAVEN,Coryton (Thameshaven),190,-0.0268457065181302,-0.03134051659913715,-0.02235089643712325
09a_CORYTON_THAMESHAVEN,Coryton (Thameshaven),191,-0.028734651630934808,-0.03322946171194176,-0.02423984154992786
09a_CORYTON_THAMESHAVEN,Coryton (Thameshaven),192,-0.029046364548463502,-0.03354117462947045,-0.024551554467456556
09a_CORYTON_THAMESHAVEN,Coryton (Thameshaven),193,-0.026116103368702705,-0.030610913449709655,-0.021621293287695756
09a_CORYTON_THAMESHAVEN,Coryton (Thameshaven),194,-0.019378623042798273,-0.023873433123805222,-0.014883812961791325
09a_CORYTON_THAMESHAVEN,Coryton (Thameshaven),195,-0.016589322858029196,-0.021084132939036146,-0.012094512777022249
09a_CORYTON_THAMESHAVEN,Coryton (Thameshaven),196,-0.015319692984149867,-0.019814503065156815,-0.010824882903142919
09a_CORYTON_THAMESHAVEN,Coryton (Thameshaven),197,-0.012607374504943482,-0.01710218458595043,-0.008112564423936534
09a_CORYTON_THAMESHAVEN,Coryton (Thameshaven),198,-0.010564052820127411,-0.015058862901134359,-0.0060692427391204635
09a_CORYTON_THAMESHAVEN,Coryton (Thameshaven),199,-0.015318019759849793,-0.019812829840856742,-0.010823209678842845
09a_CORYTON_THAMESHAVEN,Coryton (Thameshaven),200,-0.007675216401395847,-0.012170026482402795,-0.0031804063203888988
09a_CORYTON_THAMESHAVEN,Coryton (Thameshaven),201,-0.010157243078001997,-0.014652053159008945,-0.005662432996995049
09a_CORYTON_THAMESHAVEN,Coryton (Thameshaven),202,-0.005940433360165772,-0.01043524344117272,-0.0014456232791588246
09a_CORYTON_THAMESHAVEN,Coryton (Thameshaven),203,-0.008084725226829013,-0.012579535307835961,-0.0035899151458220653
09a_CORYTON_THAMESHAVEN,Coryton (Thameshaven),204,-0.002335672855414374,-0.006830482936421321,0.002159137225592574
09a_CORYTON_THAMESHAVEN,Coryton (Thameshaven),205,0.0015261086828983988,-0.002968701398108549,0.006020918763905347
09a_CORYTON_THAMESHAVEN,Coryton (Thameshaven),206,0.004898884746210033,0.00040407466520308525,0.00939369482721698
09a_CORYTON_THAMESHAVEN,Coryton (Thameshaven),207,0.010516710965792354,0.006021900884785407,0.015011521046799302
09a_CORYTON_THAMESHAVEN,Coryton (Thameshaven),208,0.01261978114317703,0.008124971062170082,0.017114591224183975
09a_CORYTON_THAMESHAVEN,Coryton (Thameshaven),209,0.014004962839732895,0.009510152758725948,0.018499772920739843
09a_CORYTON_THAMESHAVEN,Coryton (Thameshaven),210,0.01635175335720783,0.011856943276200882,0.020846563438214775
09a_CORYTON_THAMESHAVEN,Coryton (Thameshaven),211,0.019320942289369557,0.014826132208362609,0.023815752370376503
09a_CORYTON_THAMESHAVEN,Coryton (Thameshaven),212,0.021090286346498077,0.016595476265491127,0.025585096427505026
09a_CORYTON_THAMESHAVEN,Coryton (Thameshaven),213,0.024331677412001807,0.019836867330994858,0.028826487493008757
09a_CORYTON_THAMESHAVEN,Coryton (Thameshaven),214,0.027009412454218746,0.022514602373211796,0.031504222535225695
09a_CORYTON_THAMESHAVEN,Coryton (Thameshaven),215,0.0331315199496861,0.028636709868679153,0.037626330030693045
09a_CORYTON_THAMESHAVEN,Coryton (Thameshaven),216,0.034277123517690744,0.029782313436683798,0.03877193359869769
09a_CORYTON_THAMESHAVEN,Coryton (Thameshaven),217,0.029707294459567914,0.025212484378560968,0.03420210454057486
09a_CORYTON_THAMESHAVEN,Coryton (Thameshaven),218,0.028498072552535753,0.024003262471528806,0.0329928826335427
09a_CORYTON_THAMESHAVEN,Coryton (Thameshaven),219,0.024274286940106173,0.019779476859099226,0.02876909702111312
09a_CORYTON_THAMESHAVEN,Coryton (Thameshaven),220,0.020644242693740097,0.016149432612733147,0.025139052774747046
09a_CORYTON_THAMESHAVEN,Coryton (Thameshaven),221,0.01325626218756836,0.008761452106561412,0.017751072268575308
09a_CORYTON_THAMESHAVEN,Coryton (Thameshaven),222,0.01092887070726939,0.006434060626262441,0.015423680788276337
09a_CORYTON_THAMESHAVEN,Coryton (Thameshaven),223,0.0076253442539528015,0.0031305341729458537,0.012120154334959748
09a_CORYTON_THAMESHAVEN,Coryton (Thameshaven),224,0.006554201321690542,0.0020593912406835944,0.011049011402697491
09a_CORYTON_THAMESHAVEN,Coryton (Thameshaven),225,0.005170365124712644,0.0006755550437056966,0.009665175205719592
09a_CORYTON_THAMESHAVEN,Coryton (Thameshaven),226,-0.0008347199172386805,-0.005329529998245628,0.0036600901637682676
09a_CORYTON_THAMESHAVEN,Coryton (Thameshaven),227,-0.0014481597761221076,-0.0059429698571290554,0.00304665030488484
09a_CORYTON_THAMESHAVEN,Coryton (Thameshaven),228,-0.006293942989753382,-0.01078875307076033,-0.0017991329087464342
09a_CORYTON_THAMESHAVEN,Coryton (Thameshaven),229,-0.006012379094798454,-0.010507189175805402,-0.001517569013791506
09a_CORYTON_THAMESHAVEN,Coryton (Thameshaven),230,0.00031366316328049085,-0.004181146917726457,0.004808473244287439
09a_CORYTON_THAMESHAVEN,Coryton (Thameshaven),231,0.00491544925203152,0.00042063917102457254,0.009410259333038469
09a_CORYTON_THAMESHAVEN,Coryton (Thameshaven),232,0.006484219529438871,0.001989409448431923,0.010979029610445818
09a_CORYTON_THAMESHAVEN,Coryton (Thameshaven),233,0.01566285994758048,0.011168049866573533,0.020157670028587427
09a_CORYTON_THAMESHAVEN,Coryton (Thameshaven),234,0.01914960112065526,0.014654791039648311,0.023644411201662205
09a_CORYTON_THAMESHAVEN,Coryton (Thameshaven),235,0.01929003290364131,0.014795222822634362,0.02378484298464826
09a_CORYTON_THAMESHAVEN,Coryton (Thameshaven),236,0.020709429141889963,0.016214619060883013,0.025204239222896913
09a_CORYTON_THAMESHAVEN,Coryton (Thameshaven),237,0.022160077429652876,0.01766526734864593,0.026654887510659822
09a_CORYTON_THAMESHAVEN,Coryton (Thameshaven),238,0.018506190457812082,0.014011380376805134,0.02300100053881903
09a_CORYTON_THAMESHAVEN,Coryton (Thameshaven),239,0.016749663191359506,0.012254853110352558,0.021244473272366456
09a_CORYTON_THAMESHAVEN,Coryton (Thameshaven),240,0.018033701305284682,0.013538891224277734,0.02252851138629163
09a_CORYTON_THAMESHAVEN,Coryton (Thameshaven),241,0.01604732921052054,0.011552519129513593,0.02054213929152749
09a_CORYTON_THAMESHAVEN,Coryton (Thameshaven),242,0.013601946041271578,0.00910713596026463,0.018096756122278526
09a_CORYTON_THAMESHAVEN,Coryton (Thameshaven),243,0.00839312119380397,0.0038983111127970215,0.012887931274810917
09a_CORYTON_THAMESHAVEN,Coryton (Thameshaven),244,0.004092420606001635,-0.0004023894750053124,0.008587230687008583
09a_CORYTON_THAMESHAVEN,Coryton (Thameshaven),245,3.8297461336249024e-05,-0.004456512619670699,0.004533107542343197
09a_CORYTON_THAMESHAVEN,Coryton (Thameshaven),246,-0.002906372323151766,-0.007401182404158714,0.0015884377578551817
09a_CORYTON_THAMESHAVEN,Coryton (Thameshaven),247,-0.003689598516347956,-0.008184408597354904,0.000805211564658992
09a_CORYTON_THAMESHAVEN,Coryton (Thameshaven),248,-0.005085958858257018,-0.009580768939263965,-0.0005911487772500704
09a_CORYTON_THAMESHAVEN,Coryton (Thameshaven),249,-0.007768761498133308,-0.012263571579140256,-0.00327395141712636
09a_CORYTON_THAMESHAVEN,Coryton (Thameshaven),250,-0.0068556165562214735,-0.011350426637228421,-0.0023608064752145257
09a_CORYTON_THAMESHAVEN,Coryton (Thameshaven),251,-0.007710433082146585,-0.012205243163153533,-0.003215623001139637
09a_CORYTON_THAMESHAVEN,Coryton (Thameshaven),252,-0.010329243306190377,-0.014824053387197325,-0.005834433225183429
09a_CORYTON_THAMESHAVEN,Coryton (Thameshaven),253,-0.01154440188473505,-0.016039211965741998,-0.007049591803728102
09a_CORYTON_THAMESHAVEN,Coryton (Thameshaven),254,-0.011473097049275533,-0.015967907130282483,-0.006978286968268585
09a_CORYTON_THAMESHAVEN,Coryton (Thameshaven),255,-0.012001287448272613,-0.01649609752927956,-0.007506477367265665
09a_CORYTON_THAMESHAVEN,Coryton (Thameshaven),256,-0.011991738706940917,-0.016486548787947863,-0.0074969286259339695
09a_CORYTON_THAMESHAVEN,Coryton (Thameshaven),257,-0.014019713514353112,-0.018514523595360058,-0.009524903433346164
09a_CORYTON_THAMESHAVEN,Coryton (Thameshaven),258,-0.010106091621990311,-0.014600901702997259,-0.005611281540983363
09a_CORYTON_THAMESHAVEN,Coryton (Thameshaven),259,-0.006949656696504194,-0.011444466777511143,-0.002454846615497246
09a_CORYTON_THAMESHAVEN,Coryton (Thameshaven),260,-0.005706233205697296,-0.010201043286704244,-0.001211423124690348
09a_CORYTON_THAMESHAVEN,Coryton (Thameshaven),261,-0.0027843470734770013,-0.00727915715448395,0.0017104630075299465
09a_CORYTON_THAMESHAVEN,Coryton (Thameshaven),262,0.00013913619950125806,-0.00435567388150569,0.004633946280508206
09a_CORYTON_THAMESHAVEN,Coryton (Thameshaven),263,0.0032302068642769805,-0.0012646032167299673,0.007725016945283929
09a_CORYTON_THAMESHAVEN,Coryton (Thameshaven),264,-0.00023481748082533296,-0.0047296275618322805,0.004259992600181615
09a_CORYTON_THAMESHAVEN,Coryton (Thameshaven),265,0.0034941345218907835,-0.0010006755591161643,0.007988944602897731
09a_CORYTON_THAMESHAVEN,Coryton (Thameshaven),266,0.0015528283669541758,-0.002941981714052772,0.006047638447961124
09a_CORYTON_THAMESHAVEN,Coryton (Thameshaven),267,-0.00030792729165207515,-0.004802737372659023,0.0041868827893548725
09a_CORYTON_THAMESHAVEN,Coryton (Thameshaven),268,0.004349931700269634,-0.0001448783807373134,0.008844741781276581
09a_CORYTON_THAMESHAVEN,Coryton (Thameshaven),269,0.0053422338711959505,0.0008474237901890027,0.009837043952202898
09a_CORYTON_THAMESHAVEN,Coryton (Thameshaven),270,0.008067836289205477,0.0035730262081985296,0.012562646370212425
09a_CORYTON_THAMESHAVEN,Coryton (Thameshaven),271,0.006433264838315444,0.0019384547573084963,0.010928074919322392
09a_CORYTON_THAMESHAVEN,Coryton (Thameshaven),272,0.007804625892311975,0.0033098158113050273,0.012299435973318923
09a_CORYTON_THAMESHAVEN,Coryton (Thameshaven),273,0.007935726166632044,0.003440916085625096,0.012430536247638992
09a_CORYTON_THAMESHAVEN,Coryton (Thameshaven),274,0.006191814955616654,0.001697004874609706,0.010686625036623602
09a_CORYTON_THAMESHAVEN,Coryton (Thameshaven),275,0.006623061633205515,0.0021282515521985675,0.011117871714212463
09a_CORYTON_THAMESHAVEN,Coryton (Thameshaven),276,0.0025978458052294652,-0.0018969642757774826,0.007092655886236413
09a_CORYTON_THAMESHAVEN,Coryton (Thameshaven),277,-0.0005267877320142204,-0.005021597813021169,0.003968022348992727
09a_CORYTON_THAMESHAVEN,Coryton (Thameshaven),278,-0.0055413186515577174,-0.010036128732564665,-0.0010465085705507696
09a_CORYTON_THAMESHAVEN,Coryton (Thameshaven),279,-0.00952347490908507,-0.014018284990092018,-0.005028664828078122
09a_CORYTON_THAMESHAVEN,Coryton (Thameshaven),280,-0.008984552146900495,-0.013479362227907443,-0.004489742065893547
09a_CORYTON_THAMESHAVEN,Coryton (Thameshaven),281,-0.0058827657983133155,-0.010377575879320262,-0.0013879557173063677
09a_CORYTON_THAMESHAVEN,Coryton (Thameshaven),282,-0.007999191253069148,-0.012494001334076096,-0.0035043811720622004
09a_CORYTON_THAMESHAVEN,Coryton (Thameshaven),283,-0.007466565831354862,-0.011961375912361811,-0.0029717557503479144
09a_CORYTON_THAMESHAVEN,Coryton (Thameshaven),284,-0.004021656473259182,-0.00851646655426613,0.00047315360774776577
09a_CORYTON_THAMESHAVEN,Coryton (Thameshaven),285,0.00537852384583552,0.0008837137648285724,0.009873333926842469
09a_CORYTON_THAMESHAVEN,Coryton (Thameshaven),286,0.0063834055203556,0.001888595439348652,0.010878215601362547
09a_CORYTON_THAMESHAVEN,Coryton (Thameshaven),287,-0.0012105176702116895,-0.005705327751218637,0.0032842924107952583
09a_CORYTON_THAMESHAVEN,Coryton (Thameshaven),288,0.025913046975458185,0.021418236894451236,0.030407857056465135
09b_CORYTON_NO5JETTY,Coryton (No5 Jetty),0,1.0,1.0,1.0
09b_CORYTON_NO5JETTY,Coryton (No5 Jetty),1,0.9961406662920473,0.9812333029536962,1.0110480296303985
09b_CORYTON_NO5JETTY,Coryton (No5 Jetty),2,-0.943467998684003,-0.9583753620223542,-0.9285606353456518
09b_CORYTON_NO5JETTY,Coryton (No5 Jetty),3,-0.47718411001865696,-0.4920914733570081,-0.46227674668030583
09b_CORYTON_NO5JETTY,Coryton (No5 Jetty),4,-0.26022068437386364,-0.2751280477122148,-0.2453133210355125
09b_CORYTON_NO5JETTY,Coryton (No5 Jetty),5,-0.15565571973393835,-0.17056308307228948,-0.14074835639558722
09b_CORYTON_NO5JETTY,Coryton (No5 Jetty),6,-0.08467823577932769,-0.09958559911767882,-0.06977087244097656
09b_CORYTON_NO5JETTY,Coryton (No5 Jetty),7,-0.039075913061603254,-0.053983276399954386,-0.024168549723252122
09b_CORYTON_NO5JETTY,Coryton (No5 Jetty),8,-0.017443211802640836,-0.03235057514099197,-0.0025358484642897024
09b_CORYTON_NO5JETTY,Coryton (No5 Jetty),9,-0.014467733732980742,-0.029375097071331874,0.0004396296053703914
09b_CORYTON_NO5JETTY,Coryton (No5 Jetty),10,-0.020718405990034522,-0.035625769328385654,-0.0058110426516833884
09b_CORYTON_NO5JETTY,Coryton (No5 Jetty),11,-0.033221944430101326,-0.04812930776845246,-0.018314581091750194
09b_CORYTON_NO5JETTY,Coryton (No5 Jetty),12,-0.04200557706732238,-0.05691294040567351,-0.027098213728971247
09b_CORYTON_NO5JETTY,Coryton (No5 Jetty),13,-0.055684473101770576,-0.07059183644012171,-0.040777109763419445
09b_CORYTON_NO5JETTY,Coryton (No5 Jetty),14,-0.06527727697207061,-0.08018464031042175,-0.05036991363371948
09b_CORYTON_NO5JETTY,Coryton (No5 Jetty),15,-0.06831012801908645,-0.08321749135743758,-0.05340276468073532
09b_CORYTON_NO5JETTY,Coryton (No5 Jetty),16,-0.0697418693196908,-0.08464923265804193,-0.05483450598133967
09b_CORYTON_NO5JETTY,Coryton (No5 Jetty),17,-0.06635586999607611,-0.08126323333442724,-0.05144850665772498
09b_CORYTON_NO5JETTY,Coryton (No5 Jetty),18,-0.062268443527544216,-0.07717580686589535,-0.047361080189193085
09b_CORYTON_NO5JETTY,Coryton (No5 Jetty),19,-0.05066685514903395,-0.06557421848738508,-0.03575949181068282
09b_CORYTON_NO5JETTY,Coryton (No5 Jetty),20,-0.03916858191961567,-0.0540759452579668,-0.024261218581264538
09b_CORYTON_NO5JETTY,Coryton (No5 Jetty),21,-0.030069943549436453,-0.04497730688778759,-0.01516258021108532
09b_CORYTON_NO5JETTY,Coryton (No5 Jetty),22,-0.021490809957608475,-0.03639817329595961,-0.006583446619257341
09b_CORYTON_NO5JETTY,Coryton (No5 Jetty),23,-0.013304625792085197,-0.028211989130436328,0.001602737546265937
09b_CORYTON_NO5JETTY,Coryton (No5 Jetty),24,-0.014750864597156322,-0.029658227935507455,0.00015649874119481183
09b_CORYTON_NO5JETTY,Coryton (No5 Jetty),25,-0.009212755904431607,-0.02412011924278274,0.005694607433919526
09b_CORYTON_NO5JETTY,Coryton (No5 Jetty),26,-0.00658872018054022,-0.021496083518891353,0.008318643157810914
09b_CORYTON_NO5JETTY,Coryton (No5 Jetty),27,-0.010371664582439585,-0.025279027920790717,0.004535698755911548
09b_CORYTON_NO5JETTY,Coryton (No5 Jetty),28,-0.013802276755422288,-0.02870964009377342,0.0011050865829288457
09b_CORYTON_NO5JETTY,Coryton (No5 Jetty),29,-0.016321263037892327,-0.031228626376243462,-0.0014138996995411938
09b_CORYTON_NO5JETTY,Coryton (No5 Jetty),30,-0.017636634678335417,-0.03254399801668655,-0.002729271339984284
09b_CORYTON_NO5JETTY,Coryton (No5 Jetty),31,-0.017086745367565246,-0.03199410870591638,-0.0021793820292141126
09b_CORYTON_NO5JETTY,Coryton (No5 Jetty),32,-0.020984007094786507,-0.03589137043313764,-0.006076643756435374
09b_CORYTON_NO5JETTY,Coryton (No5 Jetty),33,-0.01509170855620582,-0.02999907189455695,-0.00018434521785468637
09b_CORYTON_NO5JETTY,Coryton (No5 Jetty),34,-0.010568322037625656,-0.02547568537597679,0.004339041300725478
09b_CORYTON_NO5JETTY,Coryton (No5 Jetty),35,-0.005544960270635476,-0.02045232360898661,0.009362403067715658
09b_CORYTON_NO5JETTY,Coryton (No5 Jetty),36,0.0033453411094394783,-0.011562022228911655,0.01825270444779061
09b_CORYTON_NO5JETTY,Coryton (No5 Jetty),37,0.009339576734300584,-0.005567786604050549,0.02424694007265172
09b_CORYTON_NO5JETTY,Coryton (No5 Jetty),38,0.015800629207008685,0.0008932658686575511,0.030707992545359816
09b_CORYTON_NO5JETTY,Coryton (No5 Jetty),39,0.0212044694187887,0.006297106080437568,0.03611183275713983
09b_CORYTON_NO5JETTY,Coryton (No5 Jetty),40,0.025687518912677544,0.01078015557432641,0.040594882251028676
09b_CORYTON_NO5JETTY,Coryton (No5 Jetty),41,0.028962777674508552,0.014055414336157418,0.04387014101285969
09b_CORYTON_NO5JETTY,Coryton (No5 Jetty),42,0.030396428096290163,0.01548906475793903,0.0453037914346413
09b_CORYTON_NO5JETTY,Coryton (No5 Jetty),43,0.032163222876178496,0.017255859537827364,0.04707058621452963
09b_CORYTON_NO5JETTY,Coryton (No5 Jetty),44,0.027683763215989823,0.01277639987763869,0.042591126554340955
09b_CORYTON_NO5JETTY,Coryton (No5 Jetty),45,0.023441769712540948,0.008534406374189814,0.03834913305089208
09b_CORYTON_NO5JETTY,Coryton (No5 Jetty),46,0.02037990975425494,0.005472546415903808,0.035287273092606077
09b_CORYTON_NO5JETTY,Coryton (No5 Jetty),47,0.01955337994962531,0.004646016611274178,0.03446074328797644
09b_CORYTON_NO5JETTY,Coryton (No5 Jetty),48,0.011621713613782024,-0.0032856497245691094,0.026529076952133156
09b_CORYTON_NO5JETTY,Coryton (No5 Jetty),49,0.02141877978920587,0.006511416450854736,0.036326143127557005
09b_CORYTON_NO5JETTY,Coryton (No5 Jetty),50,0.02432559283633054,0.009418229497979406,0.03923295617468167
09b_CORYTON_NO5JETTY,Coryton (No5 Jetty),51,0.026040183690284973,0.01113282035193384,0.04094754702863611
09b_CORYTON_NO5JETTY,Coryton (No5 Jetty),52,0.03321026877739927,0.01830290543904814,0.0481176321157504
09b_CORYTON_NO5JETTY,Coryton (No5 Jetty),53,0.040200349834457125,0.025292986496105993,0.055107713172808256
09b_CORYTON_NO5JETTY,Coryton (No5 Jetty),54,0.04858984285891837,0.033682479520567236,0.0634972061972695
09b_CORYTON_NO5JETTY,Coryton (No5 Jetty),55,0.055372236392583624,0.04046487305423249,0.07027959973093476
09b_CORYTON_NO5JETTY,Coryton (No5 Jetty),56,0.06277287716611209,0.047865513827760955,0.07768024050446322
09b_CORYTON_NO5JETTY,Coryton (No5 Jetty),57,0.06853660246586256,0.05362923912751143,0.08344396580421369
09b_CORYTON_NO5JETTY,Coryton (No5 Jetty),58,0.07005538044992372,0.05514801711157259,0.08496274378827486
09b_CORYTON_NO5JETTY,Coryton (No5 Jetty),59,0.06360624693082743,0.0486988835924763,0.07851361026917857
09b_CORYTON_NO5JETTY,Coryton (No5 Jetty),60,0.05805761188879592,0.04315024855044479,0.07296497522714705
09b_CORYTON_NO5JETTY,Coryton (No5 Jetty),61,0.04721792533828287,0.032310561999931736,0.062125288676634
09b_CORYTON_NO5JETTY,Coryton (No5 Jetty),62,0.03453234257751826,0.01962497923916713,0.049439705915869395
09b_CORYTON_NO5JETTY,Coryton (No5 Jetty),63,0.01539627351750824,0.0004889101791571062,0.03030363685585937
09b_CORYTON_NO5JETTY,Coryton (No5 Jetty),64,-0.0012225099981753849,-0.016129873336526518,0.013684853340175749
09b_CORYTON_NO5JETTY,Coryton (No5 Jetty),65,-0.019490250834102104,-0.03439761417245324,-0.0045828874957509706
09b_CORYTON_NO5JETTY,Coryton (No5 Jetty),66,-0.03548999606520076,-0.05039735940355189,-0.020582632726849626
09b_CORYTON_NO5JETTY,Coryton (No5 Jetty),67,-0.04989274139990821,-0.06480010473825934,-0.034985378061557076
09b_CORYTON_NO5JETTY,Coryton (No5 Jetty),68,-0.06235868517395015,-0.07726604851230129,-0.04745132183559902
09b_CORYTON_NO5JETTY,Coryton (No5 Jetty),69,-0.06917466397145856,-0.0840820273098097,-0.05426730063310743
09b_CORYTON_NO5JETTY,Coryton (No5 Jetty),70,-0.07374094949702674,-0.08864831283537787,-0.05883358615867561
09b_CORYTON_NO5JETTY,Coryton (No5 Jetty),71,-0.07558070138638673,-0.09048806472473786,-0.0606733380480356
09b_CORYTON_NO5JETTY,Coryton (No5 Jetty),72,-0.07383675129553882,-0.08874411463388995,-0.05892938795718769
09b_CORYTON_NO5JETTY,Coryton (No5 Jetty),73,-0.06390733718795663,-0.07881470052630776,-0.0489999738496055
09b_CORYTON_NO5JETTY,Coryton (No5 Jetty),74,-0.05185864488673966,-0.0667660082250908,-0.03695128154838853
09b_CORYTON_NO5JETTY,Coryton (No5 Jetty),75,-0.03481573532723107,-0.0497230986655822,-0.019908371988879937
09b_CORYTON_NO5JETTY,Coryton (No5 Jetty),76,-0.015117570157003359,-0.03002493349535449,-0.0002102068186522251
09b_CORYTON_NO5JETTY,Coryton (No5 Jetty),77,0.0006639029334426663,-0.014243460404908467,0.0155712662717938
09b_CORYTON_NO5JETTY,Coryton (No5 Jetty),78,0.017933172077425695,0.0030258087390745616,0.03284053541577683
09b_CORYTON_NO5JETTY,Coryton (No5 Jetty),79,0.029504399653425332,0.014597036315074198,0.04441176299177647
09b_CORYTON_NO5JETTY,Coryton (No5 Jetty),80,0.037417739605142664,0.022510376266791532,0.052325102943493795
09b_CORYTON_NO5JETTY,Coryton (No5 Jetty),81,0.03595162757966455,0.02104426424131342,0.050858990918015684
09b_CORYTON_NO5JETTY,Coryton (No5 Jetty),82,0.03636121416636811,0.021453850828016978,0.05126857750471924
09b_CORYTON_NO5JETTY,Coryton (No5 Jetty),83,0.03664450976642033,0.021737146428069197,0.05155187310477146
09b_CORYTON_NO5JETTY,Coryton (No5 Jetty),84,0.030039611194845706,0.015132247856494573,0.04494697453319684
09b_CORYTON_NO5JETTY,Coryton (No5 Jetty),85,0.020802208613415415,0.005894845275064281,0.03570957195176655
09b_CORYTON_NO5JETTY,Coryton (No5 Jetty),86,0.010990241238474592,-0.003917122099876541,0.025897604576825724
09b_CORYTON_NO5JETTY,Coryton (No5 Jetty),87,-0.00021148217230886716,-0.015118845510660001,0.014695881166042266
09b_CORYTON_NO5JETTY,Coryton (No5 Jetty),88,-0.009116976725823669,-0.024024340064174803,0.005790386612527464
09b_CORYTON_NO5JETTY,Coryton (No5 Jetty),89,-0.02089651610902932,-0.035803879447380456,-0.005989152770678187
09b_CORYTON_NO5JETTY,Coryton (No5 Jetty),90,-0.0258373604976139,-0.04074472383596504,-0.010929997159262768
09b_CORYTON_NO5JETTY,Coryton (No5 Jetty),91,-0.029396724072661685,-0.04430408741101282,-0.014489360734310551
09b_CORYTON_NO5JETTY,Coryton (No5 Jetty),92,-0.035300629783426775,-0.05020799312177791,-0.020393266445075643
09b_CORYTON_NO5JETTY,Coryton (No5 Jetty),93,-0.03601289540179063,-0.05092025874014176,-0.0211055320634395
09b_CORYTON_NO5JETTY,Coryton (No5 Jetty),94,-0.033927136372024075,-0.04883449971037521,-0.019019773033672943
09b_CORYTON_NO5JETTY,Coryton (No5 Jetty),95,-0.03015298140171771,-0.04506034474006884,-0.015245618063366577
09b_CORYTON_NO5JETTY,Coryton (No5 Jetty),96,-0.024972711662368856,-0.03988007500071999,-0.010065348324017722
09b_CORYTON_NO5JETTY,Coryton (No5 Jetty),97,-0.015328741779215671,-0.030236105117566803,-0.0004213784408645376
09b_CORYTON_NO5JETTY,Coryton (No5 Jetty),98,-0.01068664302650966,-0.025594006364860793,0.0042207203118414735
09b_CORYTON_NO5JETTY,Coryton (No5 Jetty),99,-0.008560440355507423,-0.023467803693858556,0.0063469229828437106
09b_CORYTON_NO5JETTY,Coryton (No5 Jetty),100,-0.007165502815881819,-0.022072866154232953,0.007741860522469314
09b_CORYTON_NO5JETTY,Coryton (No5 Jetty),101,-0.008523271244076348,-0.02343063458242748,0.006384092094274785
09b_CORYTON_NO5JETTY,Coryton (No5 Jetty),102,-0.008984217723253125,-0.02389158106160426,0.0059231456150980084
09b_CORYTON_NO5JETTY,Coryton (No5 Jetty),103,-0.01066085466544752,-0.025568218003798653,0.004246508672903613
09b_CORYTON_NO5JETTY,Coryton (No5 Jetty),104,-0.010962096007503683,-0.025869459345854814,0.003945267330847451
09b_CORYTON_NO5JETTY,Coryton (No5 Jetty),105,-0.012198011447593594,-0.027105374785944727,0.0027093518907575394
09b_CORYTON_NO5JETTY,Coryton (No5 Jetty),106,-0.01317201820858907,-0.028079381546940202,0.0017353451297620632
09b_CORYTON_NO5JETTY,Coryton (No5 Jetty),107,-0.011988720275986372,-0.026896083614337506,0.002918643062364761
09b_CORYTON_NO5JETTY,Coryton (No5 Jetty),108,-0.012166456383181276,-0.02707381972153241,0.0027409069551698577
09b_CORYTON_NO5JETTY,Coryton (No5 Jetty),109,-0.008984578053012712,-0.023891941391363844,0.005922785285338421
09b_CORYTON_NO5JETTY,Coryton (No5 Jetty),110,-0.004549268311998292,-0.019456631650349426,0.010358095026352841
09b_CORYTON_NO5JETTY,Coryton (No5 Jetty),111,-0.0008038342527335822,-0.015711197591084716,0.014103529085617551
09b_CORYTON_NO5JETTY,Coryton (No5 Jetty),112,0.001255774761840282,-0.013651588576510852,0.016163138100191415
09b_CORYTON_NO5JETTY,Coryton (No5 Jetty),113,0.005388158882962731,-0.009519204455388402,0.020295522221313866
09b_CORYTON_NO5JETTY,Coryton (No5 Jetty),114,0.007647621035475944,-0.00725974230287519,0.022554984373827077
09b_CORYTON_NO5JETTY,Coryton (No5 Jetty),115,0.010755594454539311,-0.0041517688838118225,0.025662957792890444
09b_CORYTON_NO5JETTY,Coryton (No5 Jetty),116,0.011708725574776133,-0.003198637763575001,0.026616088913127264
09b_CORYTON_NO5JETTY,Coryton (No5 Jetty),117,0.014955182983863058,4.7819645511924455e-05,0.02986254632221419
09b_CORYTON_NO5JETTY,Coryton (No5 Jetty),118,0.012870662862103253,-0.0020367004762478803,0.027778026200454387
09b_CORYTON_NO5JETTY,Coryton (No5 Jetty),119,0.011508313231122828,-0.003399050107228305,0.02641567656947396
09b_CORYTON_NO5JETTY,Coryton (No5 Jetty),120,0.010888329906707496,-0.0040190334316436375,0.025795693245058628
09b_CORYTON_NO5JETTY,Coryton (No5 Jetty),121,0.015124159256044762,0.00021679591769362822,0.030031522594395895
09b_CORYTON_NO5JETTY,Coryton (No5 Jetty),122,0.012491008471637036,-0.002416354866714097,0.02739837180998817
09b_CORYTON_NO5JETTY,Coryton (No5 Jetty),123,0.017470599184795026,0.002563235846443893,0.03237796252314616
09b_CORYTON_NO5JETTY,Coryton (No5 Jetty),124,0.019879589674525973,0.004972226336174839,0.034786953012877105
09b_CORYTON_NO5JETTY,Coryton (No5 Jetty),125,0.016509197068599626,0.0016018337302484923,0.03141656040695076
09b_CORYTON_NO5JETTY,Coryton (No5 Jetty),126,0.014414413917402434,-0.000492949420948699,0.029321777255753568
09b_CORYTON_NO5JETTY,Coryton (No5 Jetty),127,0.016419828509269416,0.0015124651709182823,0.03132719184762055
09b_CORYTON_NO5JETTY,Coryton (No5 Jetty),128,0.01967441585931042,0.004767052520959285,0.034581779197661554
09b_CORYTON_NO5JETTY,Coryton (No5 Jetty),129,0.015158946582750864,0.000251583244399731,0.030066309921102
09b_CORYTON_NO5JETTY,Coryton (No5 Jetty),130,0.030160382341836094,0.01525301900348496,0.045067745680187225
09b_CORYTON_NO5JETTY,Coryton (No5 Jetty),131,0.006398186536931818,-0.008509176801419317,0.02130554987528295
09b_CORYTON_NO5JETTY,Coryton (No5 Jetty),132,0.04343378105492131,0.028526417716570177,0.05834114439327244
09b_CORYTON_NO5JETTY,Coryton (No5 Jetty),133,0.026410725783364147,0.011503362445013014,0.04131808912171528
09b_CORYTON_NO5JETTY,Coryton (No5 Jetty),134,0.025447980176057008,0.010540616837705874,0.04035534351440814
09b_CORYTON_NO5JETTY,Coryton (No5 Jetty),135,0.021439389033992416,0.006532025695641283,0.03634675237234355
09b_CORYTON_NO5JETTY,Coryton (No5 Jetty),136,0.017292878051623658,0.0023855147132725244,0.03220024138997479
09b_CORYTON_NO5JETTY,Coryton (No5 Jetty),137,0.012836242273678623,-0.002071121064672511,0.027743605612029758
09b_CORYTON_NO5JETTY,Coryton (No5 Jetty),138,0.005833376388655226,-0.009073986949695908,0.02074073972700636
09b_CORYTON_NO5JETTY,Coryton (No5 Jetty),139,0.002190915815391289,-0.012716447522959844,0.017098279153742423
09b_CORYTON_NO5JETTY,Coryton (No5 Jetty),140,-0.005595468604374664,-0.0205028319427258,0.00931189473397647
09b_CORYTON_NO5JETTY,Coryton (No5 Jetty),141,-0.010241457795938297,-0.02514882113428943,0.004665905542412837
09b_CORYTON_NO5JETTY,Coryton (No5 Jetty),142,-0.015373387740579898,-0.03028075107893103,-0.00046602440222876483
09b_CORYTON_NO5JETTY,Coryton (No5 Jetty),143,-0.02419028742551707,-0.0390976507638682,-0.009282924087165937
09b_CORYTON_NO5JETTY,Coryton (No5 Jetty),144,-0.02907228218478837,-0.0439796455231395,-0.014164918846437237
09b_CORYTON_NO5JETTY,Coryton (No5 Jetty),145,-0.03588920088492029,-0.050796564223271425,-0.02098183754656916
09b_CORYTON_NO5JETTY,Coryton (No5 Jetty),146,-0.037897085546738256,-0.05280444888508939,-0.022989722208387124
09b_CORYTON_NO5JETTY,Coryton (No5 Jetty),147,-0.0391849626574813,-0.054092325995832434,-0.02427759931913017
09b_CORYTON_NO5JETTY,Coryton (No5 Jetty),148,-0.03597462997707385,-0.050881993315424985,-0.02106726663872272
09b_CORYTON_NO5JETTY,Coryton (No5 Jetty),149,-0.028981227534832794,-0.043888590873183926,-0.014073864196481661
09b_CORYTON_NO5JETTY,Coryton (No5 Jetty),150,-0.012942854716501107,-0.02785021805485224,0.0019645086218500266
09b_CORYTON_NO5JETTY,Coryton (No5 Jetty),151,0.0058550068652977235,-0.00905235647305341,0.020762370203648857
09b_CORYTON_NO5JETTY,Coryton (No5 Jetty),152,0.018420782042756396,0.0035134187044052623,0.03332814538110753
09b_CORYTON_NO5JETTY,Coryton (No5 Jetty),153,0.026677514751611054,0.01177015141325992,0.04158487808996219
09b_CORYTON_NO5JETTY,Coryton (No5 Jetty),154,0.041565798041532265,0.026658434703181133,0.056473161379883396
09b_CORYTON_NO5JETTY,Coryton (No5 Jetty),155,0.03938695314040068,0.024479589802049548,0.05429431647875181
09b_CORYTON_NO5JETTY,Coryton (No5 Jetty),156,0.0391945989544502,0.024287235616099065,0.05410196229280133
09b_CORYTON_NO5JETTY,Coryton (No5 Jetty),157,0.043122295891714284,0.028214932553363152,0.058029659230065415
09b_CORYTON_NO5JETTY,Coryton (No5 Jetty),158,0.036371131431199584,0.021463768092848452,0.051278494769550716
09b_CORYTON_NO5JETTY,Coryton (No5 Jetty),159,0.032825788043954786,0.017918424705603654,0.04773315138230592
09b_CORYTON_NO5JETTY,Coryton (No5 Jetty),160,0.032029738402481384,0.017122375064130252,0.046937101740832515
09b_CORYTON_NO5JETTY,Coryton (No5 Jetty),161,0.02764013592439648,0.012732772586045346,0.04254749926274761
09b_CORYTON_NO5JETTY,Coryton (No5 Jetty),162,0.02578533862310059,0.010877975284749456,0.04069270196145172
09b_CORYTON_NO5JETTY,Coryton (No5 Jetty),163,0.017900317085787296,0.002992953747436163,0.03280768042413843
09b_CORYTON_NO5JETTY,Coryton (No5 Jetty),164,0.012852567125338889,-0.0020547962130122444,0.027759930463690023
09b_CORYTON_NO5JETTY,Coryton (No5 Jetty),165,0.008211029855611892,-0.0066963334827392414,0.023118393193963027
09b_CORYTON_NO5JETTY,Coryton (No5 Jetty),166,0.0025347845046578203,-0.012372578833693313,0.017442147843008952
09b_CORYTON_NO5JETTY,Coryton (No5 Jetty),167,-0.00022698346435214172,-0.015134346802703275,0.014680379873998992
09b_CORYTON_NO5JETTY,Coryton (No5 Jetty),168,-0.003398330246707787,-0.01830569358505892,0.011509033091643346
09b_CORYTON_NO5JETTY,Coryton (No5 Jetty),169,-0.003929690509952152,-0.018837053848303285,0.010977672828398982
09b_CORYTON_NO5JETTY,Coryton (No5 Jetty),170,-0.006039593444085636,-0.02094695678243677,0.008867769894265498
09b_CORYTON_NO5JETTY,Coryton (No5 Jetty),171,-0.002261927529189124,-0.01716929086754026,0.01264543580916201
09b_CORYTON_NO5JETTY,Coryton (No5 Jetty),172,-0.002137469289249705,-0.01704483262760084,0.012769894049101428
09b_CORYTON_NO5JETTY,Coryton (No5 Jetty),173,-0.00359917650514421,-0.018506539843495342,0.011308186833206923
09b_CORYTON_NO5JETTY,Coryton (No5 Jetty),174,-0.003325066445909792,-0.018232429784260925,0.011582296892441342
09b_CORYTON_NO5JETTY,Coryton (No5 Jetty),175,-0.006807445656631015,-0.021714808994982147,0.00809991768172012
09b_CORYTON_NO5JETTY,Coryton (No5 Jetty),176,-0.006184624084354848,-0.02109198742270598,0.008722739253996286
09b_CORYTON_NO5JETTY,Coryton (No5 Jetty),177,-0.009706421484776847,-0.024613784823127982,0.0052009418535742865
09b_CORYTON_NO5JETTY,Coryton (No5 Jetty),178,-0.008536445274035551,-0.023443808612386687,0.006370918064315582
09b_CORYTON_NO5JETTY,Coryton (No5 Jetty),179,-0.007433834165531263,-0.022341197503882394,0.007473529172819871
09b_CORYTON_NO5JETTY,Coryton (No5 Jetty),180,-0.010565891440465413,-0.025473254778816547,0.00434147189788572
09b_CORYTON_NO5JETTY,Coryton (No5 Jetty),181,-0.012832512209100358,-0.02773987554745149,0.002074851129250776
09b_CORYTON_NO5JETTY,Coryton (No5 Jetty),182,-0.014809884197774294,-0.029717247536125427,9.747914057683937e-05
09b_CORYTON_NO5JETTY,Coryton (No5 Jetty),183,-0.016866095213952152,-0.031773458552303284,-0.001958731875601019
09b_CORYTON_NO5JETTY,Coryton (No5 Jetty),184,-0.013663808173196663,-0.028571171511547797,0.0012435551651544703
09b_CORYTON_NO5JETTY,Coryton (No5 Jetty),185,-0.020095861246690116,-0.03500322458504125,-0.005188497908338982
09b_CORYTON_NO5JETTY,Coryton (No5 Jetty),186,-0.01612257465140526,-0.031029937989756395,-0.0012152113130541268
09b_CORYTON_NO5JETTY,Coryton (No5 Jetty),187,-0.017322515146313153,-0.032229878484664284,-0.0024151518079620193
09b_CORYTON_NO5JETTY,Coryton (No5 Jetty),188,-0.016678970834315462,-0.0315863341726666,-0.0017716074959643283
09b_CORYTON_NO5JETTY,Coryton (No5 Jetty),189,-0.018186539453053565,-0.0330939027914047,-0.0032791761147024315
09b_CORYTON_NO5JETTY,Coryton (No5 Jetty),190,-0.017117812225957756,-0.03202517556430889,-0.002210448887606622
09b_CORYTON_NO5JETTY,Coryton (No5 Jetty),191,-0.017740541967028484,-0.032647905305379615,-0.00283317862867735
09b_CORYTON_NO5JETTY,Coryton (No5 Jetty),192,-0.01465265802202281,-0.029560021360373945,0.0002547053163283238
09b_CORYTON_NO5JETTY,Coryton (No5 Jetty),193,-0.01581198754666442,-0.030719350885015553,-0.0009046242083132882
09b_CORYTON_NO5JETTY,Coryton (No5 Jetty),194,-0.016616497814820476,-0.03152386115317161,-0.0017091344764693425
09b_CORYTON_NO5JETTY,Coryton (No5 Jetty),195,-0.016106856432801353,-0.031014219771152485,-0.0011994930944502196
09b_CORYTON_NO5JETTY,Coryton (No5 Jetty),196,-0.018112038858265633,-0.03301940219661677,-0.003204675519914499
09b_CORYTON_NO5JETTY,Coryton (No5 Jetty),197,-0.0164174542824466,-0.03132481762079773,-0.0015100909440954654
09b_CORYTON_NO5JETTY,Coryton (No5 Jetty),198,-0.017519173268780528,-0.03242653660713166,-0.0026118099304293946
09b_CORYTON_NO5JETTY,Coryton (No5 Jetty),199,-0.016673750477412548,-0.03158111381576368,-0.0017663871390614146
09b_CORYTON_NO5JETTY,Coryton (No5 Jetty),200,-0.017248404973385534,-0.032155768311736665,-0.0023410416350344004
09b_CORYTON_NO5JETTY,Coryton (No5 Jetty),201,-0.02115268125212019,-0.036060044590471324,-0.0062453179137690554
09b_CORYTON_NO5JETTY,Coryton (No5 Jetty),202,-0.020795931231190706,-0.03570329456954184,-0.005888567892839572
09b_CORYTON_NO5JETTY,Coryton (No5 Jetty),203,-0.019672225694678778,-0.03457958903302991,-0.004764862356327644
09b_CORYTON_NO5JETTY,Coryton (No5 Jetty),204,-0.01708098563072303,-0.03198834896907416,-0.002173622292371896
09b_CORYTON_NO5JETTY,Coryton (No5 Jetty),205,-0.015670298597867678,-0.03057766193621881,-0.0007629352595165447
09b_CORYTON_NO5JETTY,Coryton (No5 Jetty),206,-0.014240149810938274,-0.029147513149289407,0.0006672135274128597
09b_CORYTON_NO5JETTY,Coryton (No5 Jetty),207,-0.011547198342676498,-0.02645456168102763,0.0033601649956746353
09b_CORYTON_NO5JETTY,Coryton (No5 Jetty),208,-0.00873634228090526,-0.023643705619256394,0.006171021057445873
09b_CORYTON_NO5JETTY,Coryton (No5 Jetty),209,-0.005803560128060212,-0.020710923466411346,0.00910380321029092
09b_CORYTON_NO5JETTY,Coryton (No5 Jetty),210,-0.004063451894307439,-0.01897081523265857,0.010843911444043695
09b_CORYTON_NO5JETTY,Coryton (No5 Jetty),211,-0.00036987122363588257,-0.015277234561987017,0.01453749211471525
09b_CORYTON_NO5JETTY,Coryton (No5 Jetty),212,0.004370281118293713,-0.01053708222005742,0.019277644456644847
09b_CORYTON_NO5JETTY,Coryton (No5 Jetty),213,0.007559699152569907,-0.007347664185781227,0.02246706249092104
09b_CORYTON_NO5JETTY,Coryton (No5 Jetty),214,0.008773627672881578,-0.006133735665469556,0.02368099101123271
09b_CORYTON_NO5JETTY,Coryton (No5 Jetty),215,0.005927200968551123,-0.00898016236980001,0.020834564306902257
09b_CORYTON_NO5JETTY,Coryton (No5 Jetty),216,0.006354990547730878,-0.008552372790620256,0.02126235388608201
09b_CORYTON_NO5JETTY,Coryton (No5 Jetty),217,0.006734776790691046,-0.008172586547660086,0.02164214012904218
09b_CORYTON_NO5JETTY,Coryton (No5 Jetty),218,0.0033382915723971065,-0.011569071765954026,0.01824565491074824
09b_CORYTON_NO5JETTY,Coryton (No5 Jetty),219,0.001703135167421562,-0.013204228170929571,0.016610498505772696
09b_CORYTON_NO5JETTY,Coryton (No5 Jetty),220,0.0007227237032075784,-0.014184639635143555,0.015630087041558712
09b_CORYTON_NO5JETTY,Coryton (No5 Jetty),221,0.0017233666664821453,-0.013183996671868987,0.01663073000483328
09b_CORYTON_NO5JETTY,Coryton (No5 Jetty),222,-0.001072956219575835,-0.01598031955792697,0.013834407118775299
09b_CORYTON_NO5JETTY,Coryton (No5 Jetty),223,-0.0013562527593706177,-0.016263616097721752,0.013551110578980516
09b_CORYTON_NO5JETTY,Coryton (No5 Jetty),224,0.002834036471855776,-0.012073326866495357,0.01774139981020691
09b_CORYTON_NO5JETTY,Coryton (No5 Jetty),225,0.002832813600723838,-0.012074549737627296,0.01774017693907497
09b_CORYTON_NO5JETTY,Coryton (No5 Jetty),226,0.005120377087125144,-0.009786986251225989,0.020027740425476278
09b_CORYTON_NO5JETTY,Coryton (No5 Jetty),227,0.006035941096030602,-0.008871422242320532,0.020943304434381735
09b_CORYTON_NO5JETTY,Coryton (No5 Jetty),228,0.004395452119781994,-0.010511911218569139,0.01930281545813313
09b_CORYTON_NO5JETTY,Coryton (No5 Jetty),229,-0.0021795655087659517,-0.017086928847117086,0.01272779782958518
09b_CORYTON_NO5JETTY,Coryton (No5 Jetty),230,0.00032148328743228404,-0.01458588005091885,0.015228846625783417
09b_CORYTON_NO5JETTY,Coryton (No5 Jetty),231,0.004723997161891326,-0.010183366176459808,0.01963136050024246
09b_CORYTON_NO5JETTY,Coryton (No5 Jetty),232,0.007971581953403754,-0.00693578138494738,0.02287894529175489
09b_CORYTON_NO5JETTY,Coryton (No5 Jetty),233,0.010095515218605447,-0.004811848119745686,0.02500287855695658
09b_CORYTON_NO5JETTY,Coryton (No5 Jetty),234,0.009931820847496145,-0.004975542490854988,0.02483918418584728
09b_CORYTON_NO5JETTY,Coryton (No5 Jetty),235,0.008935315332108841,-0.005972048006242292,0.023842678670459975
09b_CORYTON_NO5JETTY,Coryton (No5 Jetty),236,0.009872728501105975,-0.005034634837245158,0.02478009183945711
09b_CORYTON_NO5JETTY,Coryton (No5 Jetty),237,0.0049900491660671694,-0.009917314172283965,0.019897412504418302
09b_CORYTON_NO5JETTY,Coryton (No5 Jetty),238,0.005754509817920927,-0.009152853520430207,0.020661873156272062
09b_CORYTON_NO5JETTY,Coryton (No5 Jetty),239,0.0036227959005594858,-0.011284567437791647,0.018530159238910618
09b_CORYTON_NO5JETTY,Coryton (No5 Jetty),240,0.006187875992971353,-0.00871948734537978,0.021095239331322485
09b_CORYTON_NO5JETTY,Coryton (No5 Jetty),241,0.005074904297660195,-0.009832459040690938,0.01998226763601133
09b_CORYTON_NO5JETTY,Coryton (No5 Jetty),242,0.004971681024523046,-0.009935682313828086,0.01987904436287418
09b_CORYTON_NO5JETTY,Coryton (No5 Jetty),243,0.006863168677099548,-0.008044194661251586,0.02177053201545068
09b_CORYTON_NO5JETTY,Coryton (No5 Jetty),244,0.005383535920530046,-0.009523827417821087,0.02029089925888118
09b_CORYTON_NO5JETTY,Coryton (No5 Jetty),245,0.010315242538427487,-0.004592120799923646,0.02522260587677862
09b_CORYTON_NO5JETTY,Coryton (No5 Jetty),246,0.009789732328158449,-0.0051176310101926845,0.024697095666509582
09b_CORYTON_NO5JETTY,Coryton (No5 Jetty),247,0.01223756312389932,-0.002669800214451814,0.027144926462250453
09b_CORYTON_NO5JETTY,Coryton (No5 Jetty),248,0.012031235916617792,-0.002876127421733342,0.026938599254968925
09b_CORYTON_NO5JETTY,Coryton (No5 Jetty),249,0.009638738007211978,-0.005268625331139155,0.024546101345563114
09b_CORYTON_NO5JETTY,Coryton (No5 Jetty),250,0.006339412726302155,-0.008567950612048979,0.021246776064653288
09b_CORYTON_NO5JETTY,Coryton (No5 Jetty),251,0.0034773003456484214,-0.011430062992702713,0.018384663683999554
09b_CORYTON_NO5JETTY,Coryton (No5 Jetty),252,0.0030407082107120286,-0.011866655127639104,0.017948071549063162
09b_CORYTON_NO5JETTY,Coryton (No5 Jetty),253,-0.00042271504673487307,-0.015330078385086007,0.01448464829161626
09b_CORYTON_NO5JETTY,Coryton (No5 Jetty),254,0.0042157881296730785,-0.010691575208678056,0.01912315146802421
09b_CORYTON_NO5JETTY,Coryton (No5 Jetty),255,0.001952465506611511,-0.012954897831739622,0.016859828844962645
09b_CORYTON_NO5JETTY,Coryton (No5 Jetty),256,0.0004991315964878502,-0.014408231741863283,0.015406494934838984
09b_CORYTON_NO5JETTY,Coryton (No5 Jetty),257,0.0008034053576644465,-0.014103957980686687,0.01571076869601558
09b_CORYTON_NO5JETTY,Coryton (No5 Jetty),258,0.0007732720286251247,-0.014134091309726008,0.015680635366976257
09b_CORYTON_NO5JETTY,Coryton (No5 Jetty),259,0.0021556829001577135,-0.01275168043819342,0.017063046238508846
09b_CORYTON_NO5JETTY,Coryton (No5 Jetty),260,0.0008625776903690922,-0.014044785647982042,0.015769941028720227
09b_CORYTON_NO5JETTY,Coryton (No5 Jetty),261,0.001520636438313037,-0.013386726900038096,0.01642799977666417
09b_CORYTON_NO5JETTY,Coryton (No5 Jetty),262,0.0008140208384264619,-0.014093342499924671,0.015721384176777594
09b_CORYTON_NO5JETTY,Coryton (No5 Jetty),263,0.0027301262809977245,-0.012177237057353409,0.017637489619348856
09b_CORYTON_NO5JETTY,Coryton (No5 Jetty),264,0.0032825802774427903,-0.011624783060908344,0.018189943615793923
09b_CORYTON_NO5JETTY,Coryton (No5 Jetty),265,0.0039461513765195735,-0.01096121196183156,0.018853514714870706
09b_CORYTON_NO5JETTY,Coryton (No5 Jetty),266,0.005924817513778461,-0.008982545824572672,0.020832180852129595
09b_CORYTON_NO5JETTY,Coryton (No5 Jetty),267,0.005611687104966579,-0.009295676233384554,0.020519050443317713
09b_CORYTON_NO5JETTY,Coryton (No5 Jetty),268,0.004601985958314007,-0.010305377380037126,0.01950934929666514
09b_CORYTON_NO5JETTY,Coryton (No5 Jetty),269,0.005988868637782959,-0.008918494700568175,0.02089623197613409
09b_CORYTON_NO5JETTY,Coryton (No5 Jetty),270,0.009868331318713858,-0.005039032019637275,0.024775694657064994
09b_CORYTON_NO5JETTY,Coryton (No5 Jetty),271,0.007353060399774982,-0.007554302938576151,0.022260423738126117
09b_CORYTON_NO5JETTY,Coryton (No5 Jetty),272,0.007768906787524203,-0.0071384565508269306,0.022676270125875336
09b_CORYTON_NO5JETTY,Coryton (No5 Jetty),273,0.008417980135737973,-0.00648938320261316,0.023325343474089107
09b_CORYTON_NO5JETTY,Coryton (No5 Jetty),274,0.009520188433517452,-0.005387174904833682,0.024427551771868585
09b_CORYTON_NO5JETTY,Coryton (No5 Jetty),275,0.006977241322646529,-0.007930122015704606,0.02188460466099766
09b_CORYTON_NO5JETTY,Coryton (No5 Jetty),276,0.006605378056063098,-0.008301985282288035,0.021512741394414232
09b_CORYTON_NO5JETTY,Coryton (No5 Jetty),277,0.005481210766414962,-0.009426152571936172,0.020388574104766095
09b_CORYTON_NO5JETTY,Coryton (No5 Jetty),278,0.003822041096825914,-0.01108532224152522,0.01872940443517705
09b_CORYTON_NO5JETTY,Coryton (No5 Jetty),279,0.004894380263440849,-0.010012983074910284,0.01980174360179198
09b_CORYTON_NO5JETTY,Coryton (No5 Jetty),280,0.0032680584965417655,-0.011639304841809368,0.0181754218348929
09b_CORYTON_NO5JETTY,Coryton (No5 Jetty),281,0.003069565123739572,-0.011837798214611561,0.017976928462090706
09b_CORYTON_NO5JETTY,Coryton (No5 Jetty),282,0.002995401536693485,-0.011911961801657649,0.017902764875044618
09b_CORYTON_NO5JETTY,Coryton (No5 Jetty),283,0.001951208307676701,-0.012956155030674432,0.016858571646027835
09b_CORYTON_NO5JETTY,Coryton (No5 Jetty),284,0.001516911812684464,-0.01339045152566667,0.016424275151035596
09b_CORYTON_NO5JETTY,Coryton (No5 Jetty),285,0.0008286033536209306,-0.014078759984730203,0.015735966691972064
09b_CORYTON_NO5JETTY,Coryton (No5 Jetty),286,-0.0005559100011789249,-0.015463273339530058,0.014351453337172209
09b_CORYTON_NO5JETTY,Coryton (No5 Jetty),287,0.001352293316517396,-0.013555070021833737,0.016259656654868528
09b_CORYTON_NO5JETTY,Coryton (No5 Jetty),288,0.002582528658822771,-0.012324834679528362,0.017489891997173903
07_TILBURY,Tilbury (NHCT),0,1.0,1.0,1.0
07_TILBURY,Tilbury (NHCT),1,0.9963315677165526,0.9902904049904458,1.0023727304426593
07_TILBURY,Tilbury (NHCT),2,-0.9916613278548939,-0.9977024905810007,-0.9856201651287871
07_TILBURY,Tilbury (NHCT),3,-0.3228126069516641,-0.3288537696777708,-0.31677144422555736
07_TILBURY,Tilbury (NHCT),4,0.0063482920151573755,0.00030712928905064774,0.012389454741264103
07_TILBURY,Tilbury (NHCT),5,0.09451569478900898,0.08847453206290225,0.10055685751511571
07_TILBURY,Tilbury (NHCT),6,0.09558905553149848,0.08954789280539174,0.10163021825760521
07_TILBURY,Tilbury (NHCT),7,0.05435815354148649,0.04831699081537976,0.06039931626759321
07_TILBURY,Tilbury (NHCT),8,-0.0024483718447113763,-0.008489534570818105,0.0035927908813953515
07_TILBURY,Tilbury (NHCT),9,-0.03958829315150125,-0.04562945587760798,-0.03354713042539453
07_TILBURY,Tilbury (NHCT),10,-0.07489925719672322,-0.08094041992282995,-0.06885809447061648
07_TILBURY,Tilbury (NHCT),11,-0.0879867318030646,-0.09402789452917133,-0.08194556907695787
07_TILBURY,Tilbury (NHCT),12,-0.09496368186609255,-0.10100484459219929,-0.08892251913998582
07_TILBURY,Tilbury (NHCT),13,-0.0944192447332336,-0.10046040745934033,-0.08837808200712687
07_TILBURY,Tilbury (NHCT),14,-0.08627060801309475,-0.09231177073920148,-0.08022944528698801
07_TILBURY,Tilbury (NHCT),15,-0.08175550781757746,-0.08779667054368419,-0.07571434509147072
07_TILBURY,Tilbury (NHCT),16,-0.07359610919758826,-0.07963727192369499,-0.06755494647148153
07_TILBURY,Tilbury (NHCT),17,-0.059647706059815425,-0.06568886878592216,-0.0536065433337087
07_TILBURY,Tilbury (NHCT),18,-0.04211392803154458,-0.04815509075765131,-0.036072765305437855
07_TILBURY,Tilbury (NHCT),19,-0.029055422057198445,-0.03509658478330517,-0.02301425933109172
07_TILBURY,Tilbury (NHCT),20,-0.020190513750674325,-0.026231676476781055,-0.014149351024567597
07_TILBURY,Tilbury (NHCT),21,-0.007638174817711705,-0.013679337543818433,-0.0015970120916049772
07_TILBURY,Tilbury (NHCT),22,0.005823450865158414,-0.00021771186094831415,0.01186461359126514
07_TILBURY,Tilbury (NHCT),23,0.020209259235341243,0.014168096509234515,0.026250421961447973
07_TILBURY,Tilbury (NHCT),24,0.026023403309908072,0.019982240583801346,0.0320645660360148
07_TILBURY,Tilbury (NHCT),25,0.0216887153979835,0.01564755267187677,0.02772987812409023
07_TILBURY,Tilbury (NHCT),26,0.011123507535928886,0.005082344809822158,0.017164670262035615
07_TILBURY,Tilbury (NHCT),27,-0.0016132332425600302,-0.0076543959686667575,0.004427929483546698
07_TILBURY,Tilbury (NHCT),28,-0.005165058848195722,-0.01120622157430245,0.0008761038779110056
07_TILBURY,Tilbury (NHCT),29,-0.006549261413151064,-0.012590424139257792,-0.0005080986870443366
07_TILBURY,Tilbury (NHCT),30,-0.004076808875243499,-0.010117971601350226,0.001964353850863229
07_TILBURY,Tilbury (NHCT),31,-0.0015191517161413154,-0.007560314442248043,0.0045220110099654124
07_TILBURY,Tilbury (NHCT),32,0.004527773390615603,-0.0015133893354911249,0.01056893611672233
07_TILBURY,Tilbury (NHCT),33,0.016776128100275647,0.010734965374168919,0.022817290826382376
07_TILBURY,Tilbury (NHCT),34,0.026781887272510605,0.020740724546403876,0.032823049998617335
07_TILBURY,Tilbury (NHCT),35,0.03508227145663193,0.029041108730525206,0.04112343418273866
07_TILBURY,Tilbury (NHCT),36,0.035130129592532894,0.029088966866426168,0.04117129231863962
07_TILBURY,Tilbury (NHCT),37,0.029764365024483274,0.023723202298376544,0.035805527750590004
07_TILBURY,Tilbury (NHCT),38,0.028380856330477745,0.02233969360437102,0.03442201905658447
07_TILBURY,Tilbury (NHCT),39,0.0233888255447988,0.017347662818692072,0.029429988270905524
07_TILBURY,Tilbury (NHCT),40,0.022242378120946274,0.016201215394839548,0.028283540847053
07_TILBURY,Tilbury (NHCT),41,0.01819247364671831,0.012151310920611584,0.024233636372825038
07_TILBURY,Tilbury (NHCT),42,0.014279628415388865,0.008238465689282137,0.02032079114149559
07_TILBURY,Tilbury (NHCT),43,0.011658387174878607,0.0056172244487718796,0.017699549900985337
07_TILBURY,Tilbury (NHCT),44,0.014457574414392929,0.008416411688286201,0.020498737140499657
07_TILBURY,Tilbury (NHCT),45,0.01589409333118897,0.009852930605082242,0.021935256057295696
07_TILBURY,Tilbury (NHCT),46,0.014847439217875444,0.008806276491768716,0.02088860194398217
07_TILBURY,Tilbury (NHCT),47,0.01483784755109398,0.008796684824987253,0.02087901027720071
07_TILBURY,Tilbury (NHCT),48,0.01851306083982463,0.012471898113717904,0.024554223565931357
07_TILBURY,Tilbury (NHCT),49,0.0339343626797359,0.027893199953629176,0.03997552540584263
07_TILBURY,Tilbury (NHCT),50,0.05271658012105246,0.04667541739494573,0.058757742847159185
07_TILBURY,Tilbury (NHCT),51,0.0653083437479504,0.059267181021843675,0.07134950647405713
07_TILBURY,Tilbury (NHCT),52,0.0813157319646258,0.07527456923851907,0.08735689469073253
07_TILBURY,Tilbury (NHCT),53,0.09531525389123349,0.08927409116512676,0.10135641661734023
07_TILBURY,Tilbury (NHCT),54,0.09943789614009259,0.09339673341398586,0.10547905886619932
07_TILBURY,Tilbury (NHCT),55,0.09869628820860252,0.09265512548249578,0.10473745093470925
07_TILBURY,Tilbury (NHCT),56,0.0872504492727621,0.08120928654665537,0.09329161199886883
07_TILBURY,Tilbury (NHCT),57,0.0680890739109339,0.06204791118482717,0.07413023663704063
07_TILBURY,Tilbury (NHCT),58,0.041320068594853855,0.03527890586874713,0.04736123132096058
07_TILBURY,Tilbury (NHCT),59,0.010746600866542772,0.004705438140436044,0.0167877635926495
07_TILBURY,Tilbury (NHCT),60,-0.009794370561074201,-0.01583553328718093,-0.0037532078349674734
07_TILBURY,Tilbury (NHCT),61,-0.026711458876864602,-0.03275262160297133,-0.020670296150757876
07_TILBURY,Tilbury (NHCT),62,-0.04092771973208092,-0.046968882458187644,-0.03488655700597419
07_TILBURY,Tilbury (NHCT),63,-0.057663470864379104,-0.06370463359048584,-0.05162230813827238
07_TILBURY,Tilbury (NHCT),64,-0.06593566942244379,-0.07197683214855052,-0.059894506696337065
07_TILBURY,Tilbury (NHCT),65,-0.07411210703376644,-0.08015326975987318,-0.06807094430765971
07_TILBURY,Tilbury (NHCT),66,-0.07863761085318405,-0.08467877357929078,-0.07259644812707731
07_TILBURY,Tilbury (NHCT),67,-0.0821121310199635,-0.08815329374607023,-0.07607096829385676
07_TILBURY,Tilbury (NHCT),68,-0.08902333578411961,-0.09506449851022634,-0.08298217305801288
07_TILBURY,Tilbury (NHCT),69,-0.08374681902023993,-0.08978798174634667,-0.0777056562941332
07_TILBURY,Tilbury (NHCT),70,-0.07916995521381674,-0.08521111793992348,-0.07312879248771001
07_TILBURY,Tilbury (NHCT),71,-0.06383146702654366,-0.06987262975265039,-0.05779030430043693
07_TILBURY,Tilbury (NHCT),72,-0.046065317969946576,-0.0521064806960533,-0.04002415524383985
07_TILBURY,Tilbury (NHCT),73,-0.030278165716225044,-0.03631932844233177,-0.024237002990118314
07_TILBURY,Tilbury (NHCT),74,-0.004967738388188999,-0.011008901114295727,0.0010734243379177284
07_TILBURY,Tilbury (NHCT),75,0.030002759255686566,0.02396159652957984,0.03604392198179329
07_TILBURY,Tilbury (NHCT),76,0.06496131586810992,0.0589201531420032,0.07100247859421666
07_TILBURY,Tilbury (NHCT),77,0.0827805233478751,0.07673936062176837,0.08882168607398183
07_TILBURY,Tilbury (NHCT),78,0.08544222883196018,0.07940106610585344,0.09148339155806691
07_TILBURY,Tilbury (NHCT),79,0.06393239603808969,0.05789123331198296,0.06997355876419642
07_TILBURY,Tilbury (NHCT),80,0.0380034981159553,0.03196233538984857,0.044044660842062024
07_TILBURY,Tilbury (NHCT),81,0.017624798760653062,0.011583636034546334,0.02366596148675979
07_TILBURY,Tilbury (NHCT),82,0.00010584539658239591,-0.005935317329524332,0.006147008122689123
07_TILBURY,Tilbury (NHCT),83,-0.014986447475428669,-0.021027610201535395,-0.00894528474932194
07_TILBURY,Tilbury (NHCT),84,-0.028808631729817655,-0.034849794455924385,-0.022767469003710926
07_TILBURY,Tilbury (NHCT),85,-0.039274566447329295,-0.04531572917343602,-0.03323340372122257
07_TILBURY,Tilbury (NHCT),86,-0.037627287440159043,-0.04366845016626577,-0.03158612471405232
07_TILBURY,Tilbury (NHCT),87,-0.03689299220797126,-0.042934154934077984,-0.03085182948186453
07_TILBURY,Tilbury (NHCT),88,-0.03055376678233029,-0.03659492950843702,-0.02451260405622356
07_TILBURY,Tilbury (NHCT),89,-0.03387341047412459,-0.03991457320023132,-0.027832247748017867
07_TILBURY,Tilbury (NHCT),90,-0.02912954416493553,-0.03517070689104226,-0.023088381438828805
07_TILBURY,Tilbury (NHCT),91,-0.024690953461667744,-0.030732116187774473,-0.018649790735561014
07_TILBURY,Tilbury (NHCT),92,-0.01860117108602276,-0.02464233381212949,-0.012560008359916034
07_TILBURY,Tilbury (NHCT),93,-0.020960850260859015,-0.027002012986965744,-0.014919687534752287
07_TILBURY,Tilbury (NHCT),94,-0.017952226530213236,-0.023993389256319962,-0.011911063804106508
07_TILBURY,Tilbury (NHCT),95,-0.017305613642259732,-0.023346776368366462,-0.011264450916153005
07_TILBURY,Tilbury (NHCT),96,-0.008027935475944905,-0.014069098202051633,-0.001986772749838177
07_TILBURY,Tilbury (NHCT),97,-0.00034121255213498554,-0.0063823752782417136,0.005699950173971742
07_TILBURY,Tilbury (NHCT),98,0.006014208728684669,-2.6953997422058708e-05,0.012055371454791398
07_TILBURY,Tilbury (NHCT),99,0.011191609546004977,0.0051504468198982495,0.017232772272111705
07_TILBURY,Tilbury (NHCT),100,0.0060943960607171554,5.323333461042766e-05,0.012135558786823883
07_TILBURY,Tilbury (NHCT),101,0.0031781264722406167,-0.002863036253866111,0.009219289198347344
07_TILBURY,Tilbury (NHCT),102,-0.0015097984316949544,-0.0075509611578016824,0.004531364294411773
07_TILBURY,Tilbury (NHCT),103,-0.0069056187615442995,-0.012946781487651028,-0.0008644560354375717
07_TILBURY,Tilbury (NHCT),104,-0.009383798719730337,-0.015424961445837064,-0.003342635993623609
07_TILBURY,Tilbury (NHCT),105,-0.01166613651070705,-0.01770729923681378,-0.005624973784600322
07_TILBURY,Tilbury (NHCT),106,-0.009555536799141562,-0.01559669952524829,-0.003514374073034834
07_TILBURY,Tilbury (NHCT),107,-0.002222280106810138,-0.008263442832916867,0.0038188826192965897
07_TILBURY,Tilbury (NHCT),108,0.009768345066992838,0.00372718234088611,0.015809507793099566
07_TILBURY,Tilbury (NHCT),109,0.01955840103132119,0.013517238305214464,0.025599563757427918
07_TILBURY,Tilbury (NHCT),110,0.023018692450519785,0.016977529724413055,0.029059855176626515
07_TILBURY,Tilbury (NHCT),111,0.02917541650444266,0.02313425377833593,0.03521657923054939
07_TILBURY,Tilbury (NHCT),112,0.03150494238326772,0.02546377965716099,0.03754610510937444
07_TILBURY,Tilbury (NHCT),113,0.02967758136640603,0.0236364186402993,0.03571874409251276
07_TILBURY,Tilbury (NHCT),114,0.025477776593406106,0.019436613867299377,0.031518939319512836
07_TILBURY,Tilbury (NHCT),115,0.022523497435257424,0.016482334709150698,0.02856466016136415
07_TILBURY,Tilbury (NHCT),116,0.019150297347514965,0.013109134621408237,0.02519146007362169
07_TILBURY,Tilbury (NHCT),117,0.012412757982494312,0.006371595256387584,0.018453920708601038
07_TILBURY,Tilbury (NHCT),118,0.016807722171829135,0.010766559445722407,0.022848884897935864
07_TILBURY,Tilbury (NHCT),119,0.016934441614686515,0.010893278888579787,0.022975604340793244
07_TILBURY,Tilbury (NHCT),120,0.016859785732622704,0.010818623006515976,0.022900948458729434
07_TILBURY,Tilbury (NHCT),121,0.016559689963815856,0.010518527237709128,0.022600852689922582
07_TILBURY,Tilbury (NHCT),122,0.013116233572320389,0.007075070846213661,0.019157396298427116
07_TILBURY,Tilbury (NHCT),123,0.02028161359963551,0.01424045087352878,0.026322776325742238
07_TILBURY,Tilbury (NHCT),124,0.025424503361279032,0.019383340635172303,0.03146566608738576
07_TILBURY,Tilbury (NHCT),125,0.032530132313884456,0.02648896958777773,0.03857129503999118
07_TILBURY,Tilbury (NHCT),126,0.03181411886922424,0.02577295614311751,0.03785528159533096
07_TILBURY,Tilbury (NHCT),127,0.033946512529468786,0.02790534980336206,0.03998767525557551
07_TILBURY,Tilbury (NHCT),128,0.03173805984131474,0.025696897115208013,0.037779222567421465
07_TILBURY,Tilbury (NHCT),129,0.031880176524088415,0.02583901379798169,0.03792133925019514
07_TILBURY,Tilbury (NHCT),130,0.027331098716816438,0.02128993599070971,0.033372261442923164
07_TILBURY,Tilbury (NHCT),131,0.017679311087965933,0.011638148361859205,0.023720473814072662
07_TILBURY,Tilbury (NHCT),132,0.008197031110512776,0.0021558683844060487,0.014238193836619504
07_TILBURY,Tilbury (NHCT),133,-0.00177317613165442,-0.007814338857761147,0.004267986594452308
07_TILBURY,Tilbury (NHCT),134,-0.0051385674927612495,-0.011179730218867978,0.0009025952333454783
07_TILBURY,Tilbury (NHCT),135,-0.010789820890325319,-0.016830983616432045,-0.004748658164218591
07_TILBURY,Tilbury (NHCT),136,-0.012139977261518825,-0.018181139987625553,-0.006098814535412098
07_TILBURY,Tilbury (NHCT),137,-0.017641820253768273,-0.023682982979875,-0.011600657527661545
07_TILBURY,Tilbury (NHCT),138,-0.01926809333278497,-0.0253092560588917,-0.013226930606678242
07_TILBURY,Tilbury (NHCT),139,-0.01905791624354285,-0.02509907896964958,-0.013016753517436122
07_TILBURY,Tilbury (NHCT),140,-0.018458034996590652,-0.02449919772269738,-0.012416872270483924
07_TILBURY,Tilbury (NHCT),141,-0.01904500922511456,-0.025086171951221287,-0.013003846499007833
07_TILBURY,Tilbury (NHCT),142,-0.02207386939536281,-0.02811503212146954,-0.016032706669256082
07_TILBURY,Tilbury (NHCT),143,-0.026876293037932975,-0.032917455764039705,-0.020835130311826246
07_TILBURY,Tilbury (NHCT),144,-0.031381578570227345,-0.03742274129633407,-0.02534041584412062
07_TILBURY,Tilbury (NHCT),145,-0.03701625232959084,-0.043057415055697566,-0.030975089603484114
07_TILBURY,Tilbury (NHCT),146,-0.03709882889920189,-0.04313999162530861,-0.03105766617309516
07_TILBURY,Tilbury (NHCT),147,-0.0393597793531009,-0.045400942079207626,-0.033318616626994174
07_TILBURY,Tilbury (NHCT),148,-0.030882965013906243,-0.03692412774001297,-0.024841802287799516
07_TILBURY,Tilbury (NHCT),149,-0.006428908733733459,-0.012470071459840186,-0.0003877460076267313
07_TILBURY,Tilbury (NHCT),150,0.03728174514714145,0.031240582421034724,0.043322907873248176
07_TILBURY,Tilbury (NHCT),151,0.06775047198425194,0.06170930925814521,0.07379163471035867
07_TILBURY,Tilbury (NHCT),152,0.07210106526532155,0.06605990253921482,0.07814222799142828
07_TILBURY,Tilbury (NHCT),153,0.05943246383832489,0.05339130111221816,0.06547362656443162
07_TILBURY,Tilbury (NHCT),154,0.04055656606946092,0.03451540334335419,0.046597728795567644
07_TILBURY,Tilbury (NHCT),155,0.031065454495139797,0.02502429176903307,0.03710661722124652
07_TILBURY,Tilbury (NHCT),156,0.016980779973651276,0.010939617247544548,0.023021942699758005
07_TILBURY,Tilbury (NHCT),157,0.007174124352999423,0.001132961626892695,0.013215287079106151
07_TILBURY,Tilbury (NHCT),158,0.007147653962602091,0.0011064912364953635,0.013188816688708818
07_TILBURY,Tilbury (NHCT),159,-0.000473440349415974,-0.006514603075522702,0.005567722376690754
07_TILBURY,Tilbury (NHCT),160,0.0035777072111293044,-0.0024634555149774234,0.009618869937236032
07_TILBURY,Tilbury (NHCT),161,0.0026835374299831816,-0.003357625296123546,0.00872470015608991
07_TILBURY,Tilbury (NHCT),162,0.002027527411772698,-0.00401363531433403,0.008068690137879427
07_TILBURY,Tilbury (NHCT),163,-0.0007725253258522727,-0.0068136880519590005,0.005268637400254455
07_TILBURY,Tilbury (NHCT),164,-0.00022641298264295225,-0.00626757570874968,0.005814749743463776
07_TILBURY,Tilbury (NHCT),165,0.0002539926250705597,-0.0057871701010361685,0.006295155351177287
07_TILBURY,Tilbury (NHCT),166,0.0016648067651390014,-0.004376355960967727,0.007705969491245729
07_TILBURY,Tilbury (NHCT),167,0.0017810054589479122,-0.0042601572671588156,0.00782216818505464
07_TILBURY,Tilbury (NHCT),168,-0.002218153170065621,-0.008259315896172348,0.003823009556041107
07_TILBURY,Tilbury (NHCT),169,-0.007930451780360427,-0.013971614506467155,-0.0018892890542536993
07_TILBURY,Tilbury (NHCT),170,-0.008460286241731785,-0.014501448967838513,-0.002419123515625057
07_TILBURY,Tilbury (NHCT),171,-0.00818093902084815,-0.014222101746954877,-0.0021397762947414217
07_TILBURY,Tilbury (NHCT),172,-0.009454425405177873,-0.0154955881312846,-0.003413262679071145
07_TILBURY,Tilbury (NHCT),173,-0.009818600163199829,-0.01585976288930656,-0.003777437437093101
07_TILBURY,Tilbury (NHCT),174,-0.011195708583690444,-0.01723687130979717,-0.005154545857583716
07_TILBURY,Tilbury (NHCT),175,-0.013490308206095751,-0.019531470932202477,-0.007449145479989023
07_TILBURY,Tilbury (NHCT),176,-0.017971312497493366,-0.024012475223600095,-0.011930149771386638
07_TILBURY,Tilbury (NHCT),177,-0.0188007161406857,-0.024841878866792427,-0.012759553414578973
07_TILBURY,Tilbury (NHCT),178,-0.017958074653962205,-0.023999237380068934,-0.011916911927855477
07_TILBURY,Tilbury (NHCT),179,-0.017586189919782856,-0.023627352645889582,-0.011545027193676128
07_TILBURY,Tilbury (NHCT),180,-0.020732723788619713,-0.02677388651472644,-0.014691561062512985
07_TILBURY,Tilbury (NHCT),181,-0.023525689606479074,-0.029566852332585804,-0.017484526880372345
07_TILBURY,Tilbury (NHCT),182,-0.022666388595389962,-0.028707551321496688,-0.016625225869283236
07_TILBURY,Tilbury (NHCT),183,-0.02226090664581768,-0.028302069371924407,-0.016219743919710955
07_TILBURY,Tilbury (NHCT),184,-0.02288562977655037,-0.028926792502657096,-0.016844467050443644
07_TILBURY,Tilbury (NHCT),185,-0.0241331688886742,-0.030174331614780926,-0.018092006162567474
07_TILBURY,Tilbury (NHCT),186,-0.022454424764856852,-0.028495587490963578,-0.016413262038750126
07_TILBURY,Tilbury (NHCT),187,-0.021576182139322577,-0.027617344865429307,-0.01553501941321585
07_TILBURY,Tilbury (NHCT),188,-0.020435828946985597,-0.026476991673092323,-0.01439466622087887
07_TILBURY,Tilbury (NHCT),189,-0.017578627730614766,-0.023619790456721496,-0.011537465004508038
07_TILBURY,Tilbury (NHCT),190,-0.016666435660085067,-0.022707598386191796,-0.010625272933978339
07_TILBURY,Tilbury (NHCT),191,-0.0184862427582431,-0.024527405484349826,-0.012445080032136372
07_TILBURY,Tilbury (NHCT),192,-0.013643577339582064,-0.019684740065688794,-0.0076024146134753365
07_TILBURY,Tilbury (NHCT),193,-0.013906830536208378,-0.019947993262315104,-0.00786566781010165
07_TILBURY,Tilbury (NHCT),194,-0.012404627599257888,-0.018445790325364614,-0.00636346487315116
07_TILBURY,Tilbury (NHCT),195,-0.019203476897931948,-0.025244639624038674,-0.01316231417182522
07_TILBURY,Tilbury (NHCT),196,-0.0209162697728041,-0.026957432498910826,-0.014875107046697372
07_TILBURY,Tilbury (NHCT),197,-0.01848860599749857,-0.0245297687236053,-0.012447443271391844
07_TILBURY,Tilbury (NHCT),198,-0.02348897779859427,-0.029530140524701,-0.017447815072487542
07_TILBURY,Tilbury (NHCT),199,-0.01879193048709374,-0.024833093213200465,-0.012750767760987011
07_TILBURY,Tilbury (NHCT),200,-0.018518827003753905,-0.024559989729860635,-0.012477664277647177
07_TILBURY,Tilbury (NHCT),201,-0.013916679273984274,-0.019957842000091,-0.007875516547877546
07_TILBURY,Tilbury (NHCT),202,-0.015588749702066692,-0.02162991242817342,-0.009547586975959964
07_TILBURY,Tilbury (NHCT),203,-0.009518947238363272,-0.01556010996447,-0.003477784512256544
07_TILBURY,Tilbury (NHCT),204,-0.0023960237779851326,-0.008437186504091861,0.003645138948121595
07_TILBURY,Tilbury (NHCT),205,-0.003850897209477527,-0.009892059935584254,0.0021902655166292006
07_TILBURY,Tilbury (NHCT),206,-0.008447450285847199,-0.014488613011953927,-0.002406287559740471
07_TILBURY,Tilbury (NHCT),207,-0.007167941020030255,-0.013209103746136982,-0.0011267782939235272
07_TILBURY,Tilbury (NHCT),208,-0.0030952471103860993,-0.009136409836492828,0.0029459156157206285
07_TILBURY,Tilbury (NHCT),209,0.0018712386083957694,-0.004169924117710958,0.007912401334502498
07_TILBURY,Tilbury (NHCT),210,0.008339363359685513,0.002298200633578785,0.01438052608579224
07_TILBURY,Tilbury (NHCT),211,0.014846699742964766,0.008805537016858038,0.020887862469071494
07_TILBURY,Tilbury (NHCT),212,0.02048994642529521,0.014448783699188483,0.026531109151401937
07_TILBURY,Tilbury (NHCT),213,0.024039096607793634,0.017997933881686905,0.030080259333900364
07_TILBURY,Tilbury (NHCT),214,0.028861530745251655,0.02282036801914493,0.03490269347135838
07_TILBURY,Tilbury (NHCT),215,0.029907820400515046,0.02386665767440832,0.03594898312662177
07_TILBURY,Tilbury (NHCT),216,0.02904929956312299,0.02300813683701626,0.03509046228922972
07_TILBURY,Tilbury (NHCT),217,0.029017658043765986,0.02297649531765926,0.03505882076987271
07_TILBURY,Tilbury (NHCT),218,0.027477184185740987,0.02143602145963426,0.03351834691184771
07_TILBURY,Tilbury (NHCT),219,0.024650670645037478,0.01860950791893075,0.030691833371144207
07_TILBURY,Tilbury (NHCT),220,0.02111624552830025,0.015075082802193522,0.027157408254406976
07_TILBURY,Tilbury (NHCT),221,0.01570883313757721,0.00966767041147048,0.021749995863683938
07_TILBURY,Tilbury (NHCT),222,0.011958522848989987,0.005917360122883259,0.017999685575096715
07_TILBURY,Tilbury (NHCT),223,0.00738912819350669,0.001347965467399962,0.013430290919613418
07_TILBURY,Tilbury (NHCT),224,0.00691756268159461,0.0008763999554878823,0.012958725407701339
07_TILBURY,Tilbury (NHCT),225,0.008654420575732921,0.002613257849626193,0.014695583301839649
07_TILBURY,Tilbury (NHCT),226,0.0035872622636869177,-0.00245390046241981,0.009628424989793646
07_TILBURY,Tilbury (NHCT),227,0.00031873523380944625,-0.0057224274922972815,0.006359897959916174
07_TILBURY,Tilbury (NHCT),228,-0.00527045762176423,-0.011311620347870957,0.0007707051043424982
07_TILBURY,Tilbury (NHCT),229,-0.010949650332335348,-0.016990813058442078,-0.004908487606228621
07_TILBURY,Tilbury (NHCT),230,-0.006416225497808717,-0.012457388223915445,-0.00037506277170198943
07_TILBURY,Tilbury (NHCT),231,-0.0009709992773412765,-0.007012162003448005,0.005070163448765451
07_TILBURY,Tilbury (NHCT),232,0.0017086565263907108,-0.004332506199716017,0.0077498192524974386
07_TILBURY,Tilbury (NHCT),233,0.007627396385459431,0.001586233659352703,0.01366855911156616
07_TILBURY,Tilbury (NHCT),234,0.013497866537976059,0.007456703811869331,0.019539029264082786
07_TILBURY,Tilbury (NHCT),235,0.01816431394102195,0.012123151214915221,0.024205476667128675
07_TILBURY,Tilbury (NHCT),236,0.01938643658977639,0.013345273863669663,0.02542759931588312
07_TILBURY,Tilbury (NHCT),237,0.022636774307981045,0.016595611581874316,0.028677937034087775
07_TILBURY,Tilbury (NHCT),238,0.0201041166630952,0.01406295393698847,0.026145279389201928
07_TILBURY,Tilbury (NHCT),239,0.023525256030714668,0.017484093304607942,0.029566418756821394
07_TILBURY,Tilbury (NHCT),240,0.018881514906509782,0.012840352180403055,0.024922677632616512
07_TILBURY,Tilbury (NHCT),241,0.020379504860511852,0.014338342134405125,0.026420667586618582
07_TILBURY,Tilbury (NHCT),242,0.014611862375412076,0.008570699649305348,0.020653025101518806
07_TILBURY,Tilbury (NHCT),243,0.014039052055339273,0.007997889329232545,0.020080214781446
07_TILBURY,Tilbury (NHCT),244,0.007390389414095514,0.001349226687988786,0.013431552140202242
07_TILBURY,Tilbury (NHCT),245,0.0068570786016781135,0.0008159158755713857,0.012898241327784842
07_TILBURY,Tilbury (NHCT),246,0.005157656244505942,-0.0008835064816007862,0.01119881897061267
07_TILBURY,Tilbury (NHCT),247,0.0037353228255291833,-0.0023058399005775445,0.009776485551635912
07_TILBURY,Tilbury (NHCT),248,0.0010853508922769185,-0.004955811833829809,0.0071265136183836465
07_TILBURY,Tilbury (NHCT),249,-0.0033926462472114623,-0.00943380897331819,0.0026485164788952655
07_TILBURY,Tilbury (NHCT),250,-0.009533378871779553,-0.015574541597886281,-0.0034922161456728256
07_TILBURY,Tilbury (NHCT),251,-0.007774733214308043,-0.013815895940414772,-0.0017335704882013156
07_TILBURY,Tilbury (NHCT),252,-0.008362767523411562,-0.01440393024951829,-0.0023216047973048347
07_TILBURY,Tilbury (NHCT),253,-0.010272560134829077,-0.016313722860935805,-0.004231397408722349
07_TILBURY,Tilbury (NHCT),254,-0.01147320936392467,-0.0175143720900314,-0.005432046637817942
07_TILBURY,Tilbury (NHCT),255,-0.011111304847260878,-0.017152467573367608,-0.005070142121154151
07_TILBURY,Tilbury (NHCT),256,-0.01093952401998236,-0.016980686746089088,-0.0048983612938756325
07_TILBURY,Tilbury (NHCT),257,-0.00990894760803423,-0.015950110334140958,-0.0038677848819275024
07_TILBURY,Tilbury (NHCT),258,-0.00973710367093704,-0.01577826639704377,-0.003695940944830313
07_TILBURY,Tilbury (NHCT),259,-0.006787612980230319,-0.012828775706337047,-0.0007464502541235912
07_TILBURY,Tilbury (NHCT),260,-0.004573114583028,-0.010614277309134727,0.0014680481430787281
07_TILBURY,Tilbury (NHCT),261,-0.003367351397247183,-0.00940851412335391,0.002673811328859545
07_TILBURY,Tilbury (NHCT),262,-0.0022112399680064045,-0.008252402694113132,0.0038299227581003233
07_TILBURY,Tilbury (NHCT),263,-0.00036638337284870755,-0.006407546098955435,0.0056747793532580205
07_TILBURY,Tilbury (NHCT),264,0.003956362927280176,-0.002084799798826552,0.009997525653386904
07_TILBURY,Tilbury (NHCT),265,0.004303825155516254,-0.0017373375705904736,0.010344987881622983
07_TILBURY,Tilbury (NHCT),266,0.00740262192751931,0.0013614592014125826,0.013443784653626039
07_TILBURY,Tilbury (NHCT),267,0.008477473908512468,0.00243631118240574,0.014518636634619195
07_TILBURY,Tilbury (NHCT),268,0.00795021603421903,0.0019090533081123021,0.013991378760325758
07_TILBURY,Tilbury (NHCT),269,0.005159289946360866,-0.0008818727797458622,0.011200452672467593
07_TILBURY,Tilbury (NHCT),270,0.0033083289024730426,-0.002732833823633685,0.00934949162857977
07_TILBURY,Tilbury (NHCT),271,0.0033154353642977463,-0.0027257273618089815,0.009356598090404475
07_TILBURY,Tilbury (NHCT),272,0.00580527893057704,-0.00023588379552968736,0.011846441656683769
07_TILBURY,Tilbury (NHCT),273,0.008985753609694197,0.0029445908835874692,0.015026916335800925
07_TILBURY,Tilbury (NHCT),274,0.007882493078185492,0.0018413303520787641,0.01392365580429222
07_TILBURY,Tilbury (NHCT),275,0.005675074097985796,-0.00036608862812093166,0.011716236824092525
07_TILBURY,Tilbury (NHCT),276,0.006348405826215604,0.0003072431001088765,0.012389568552322332
07_TILBURY,Tilbury (NHCT),277,0.0015516936979403072,-0.004489469028166421,0.007592856424047035
07_TILBURY,Tilbury (NHCT),278,-0.0031292705226321216,-0.00917043324873885,0.002911892203474606
07_TILBURY,Tilbury (NHCT),279,-0.004598179397499736,-0.010639342123606465,0.0014429833286069916
07_TILBURY,Tilbury (NHCT),280,-0.00917461561674207,-0.015215778342848797,-0.0031334528906353416
07_TILBURY,Tilbury (NHCT),281,-0.010742119277570607,-0.016783282003677333,-0.004700956551463879
07_TILBURY,Tilbury (NHCT),282,-0.007667283358637972,-0.0137084460847447,-0.0016261206325312444
07_TILBURY,Tilbury (NHCT),283,-0.007206078742749044,-0.013247241468855772,-0.0011649160166423162
07_TILBURY,Tilbury (NHCT),284,-0.004165843575363223,-0.01020700630146995,0.0018753191507435048
07_TILBURY,Tilbury (NHCT),285,-0.0025651800359734853,-0.008606342762080213,0.0034759826901332425
07_TILBURY,Tilbury (NHCT),286,0.001754224938304481,-0.004286937787802246,0.007795387664411209
07_TILBURY,Tilbury (NHCT),287,0.003098078442123909,-0.002943084283982819,0.009139241168230637
07_TILBURY,Tilbury (NHCT),288,0.006441793056508656,0.00040063033040192795,0.012482955782615383
03_LONDONBRIDGE,London Bridge (Tower Pier),0,1.0,1.0,1.0
03_LONDONBRIDGE,London Bridge (Tower Pier),1,0.9961338950555523,0.9887497294549837,1.003518060656121
03_LONDONBRIDGE,London Bridge (Tower Pier),2,-0.9715362631731882,-0.9789204287737567,-0.9641520975726197
03_LONDONBRIDGE,London Bridge (Tower Pier),3,-0.46560831047291207,-0.47299247607348066,-0.4582241448723435
03_LONDONBRIDGE,London Bridge (Tower Pier),4,-0.03852983907178153,-0.0459140046723501,-0.03114567347121296
03_LONDONBRIDGE,London Bridge (Tower Pier),5,0.18069829727465653,0.17331413167408796,0.1880824628752251
03_LONDONBRIDGE,London Bridge (Tower Pier),6,0.04096476644763798,0.03358060084706941,0.048348932048206554
03_LONDONBRIDGE,London Bridge (Tower Pier),7,0.03234398355022261,0.02495981794965404,0.03972814915079118
03_LONDONBRIDGE,London Bridge (Tower Pier),8,-0.01903607276377006,-0.026420238364338627,-0.01165190716320149
03_LONDONBRIDGE,London Bridge (Tower Pier),9,-0.077866059459074,-0.08525022505964257,-0.07048189385850544
03_LONDONBRIDGE,London Bridge (Tower Pier),10,-0.11728725138449951,-0.12467141698506808,-0.10990308578393095
03_LONDONBRIDGE,London Bridge (Tower Pier),11,-0.10830490976837621,-0.11568907536894478,-0.10092074416780765
03_LONDONBRIDGE,London Bridge (Tower Pier),12,-0.09665478621721894,-0.10403895181778751,-0.08927062061665038
03_LONDONBRIDGE,London Bridge (Tower Pier),13,-0.09248422401692498,-0.09986838961749354,-0.08510005841635641
03_LONDONBRIDGE,London Bridge (Tower Pier),14,-0.09049414224532432,-0.09787830784589288,-0.08310997664475575
03_LONDONBRIDGE,London Bridge (Tower Pier),15,-0.08706773925245523,-0.0944519048530238,-0.07968357365188666
03_LONDONBRIDGE,London Bridge (Tower Pier),16,-0.08589886065832998,-0.09328302625889855,-0.07851469505776142
03_LONDONBRIDGE,London Bridge (Tower Pier),17,-0.08486168218319126,-0.09224584778375983,-0.0774775165826227
03_LONDONBRIDGE,London Bridge (Tower Pier),18,-0.07892173102975875,-0.08630589663032731,-0.07153756542919018
03_LONDONBRIDGE,London Bridge (Tower Pier),19,-0.0691060436589198,-0.07649020925948836,-0.06172187805835123
03_LONDONBRIDGE,London Bridge (Tower Pier),20,-0.05904481078381695,-0.06642897638438552,-0.05166064518324838
03_LONDONBRIDGE,London Bridge (Tower Pier),21,-0.04943521134429264,-0.056819376944861215,-0.04205104574372407
03_LONDONBRIDGE,London Bridge (Tower Pier),22,-0.0370520135882422,-0.04443617918881077,-0.02966784798767363
03_LONDONBRIDGE,London Bridge (Tower Pier),23,-0.033516302812326995,-0.04090046841289557,-0.026132137211758426
03_LONDONBRIDGE,London Bridge (Tower Pier),24,-0.02600659591433281,-0.03339076151490138,-0.018622430313764243
03_LONDONBRIDGE,London Bridge (Tower Pier),25,-0.015768043713159482,-0.02315220931372805,-0.008383878112590913
03_LONDONBRIDGE,London Bridge (Tower Pier),26,-0.0031151457313782667,-0.010499311331946835,0.004269019869190303
03_LONDONBRIDGE,London Bridge (Tower Pier),27,0.004083984937875956,-0.0033001806626926132,0.011468150538444525
03_LONDONBRIDGE,London Bridge (Tower Pier),28,0.006101499821390449,-0.0012826657791781201,0.013485665421959019
03_LONDONBRIDGE,London Bridge (Tower Pier),29,0.005867264837080036,-0.0015169007634885335,0.013251430437648606
03_LONDONBRIDGE,London Bridge (Tower Pier),30,0.015576228524043029,0.00819206292347446,0.022960394124611597
03_LONDONBRIDGE,London Bridge (Tower Pier),31,-0.010210768149284496,-0.017594933749853065,-0.002826602548715927
03_LONDONBRIDGE,London Bridge (Tower Pier),32,0.02406136776263671,0.016677202162068142,0.03144553336320528
03_LONDONBRIDGE,London Bridge (Tower Pier),33,0.017450875072269695,0.010066709471701126,0.024835040672838263
03_LONDONBRIDGE,London Bridge (Tower Pier),34,0.00866112665712035,0.0012769610565517798,0.016045292257688918
03_LONDONBRIDGE,London Bridge (Tower Pier),35,0.007010588675012668,-0.0003735769255559015,0.014394754275581238
03_LONDONBRIDGE,London Bridge (Tower Pier),36,0.026013015197251393,0.018628849596682824,0.03339718079781996
03_LONDONBRIDGE,London Bridge (Tower Pier),37,0.03396274632307536,0.02657858072250679,0.04134691192364393
03_LONDONBRIDGE,London Bridge (Tower Pier),38,0.04264518694852981,0.03526102134796124,0.050029352549098384
03_LONDONBRIDGE,London Bridge (Tower Pier),39,0.048940375475247794,0.04155620987467922,0.056324541075816366
03_LONDONBRIDGE,London Bridge (Tower Pier),40,0.04723111939596798,0.03984695379539941,0.054615284996536555
03_LONDONBRIDGE,London Bridge (Tower Pier),41,0.030152787382630875,0.022768621782062307,0.037536952983199444
03_LONDONBRIDGE,London Bridge (Tower Pier),42,0.010939849303042875,0.0035556837024743057,0.018324014903611446
03_LONDONBRIDGE,London Bridge (Tower Pier),43,-0.007559948476882773,-0.014944114077451342,-0.0001757828763142037
03_LONDONBRIDGE,London Bridge (Tower Pier),44,-0.014700135202296214,-0.022084300802864783,-0.0073159696017276446
03_LONDONBRIDGE,London Bridge (Tower Pier),45,-0.01788964842595282,-0.025273814026521388,-0.01050548282538425
03_LONDONBRIDGE,London Bridge (Tower Pier),46,-0.014289326750498352,-0.02167349235106692,-0.006905161149929783
03_LONDONBRIDGE,London Bridge (Tower Pier),47,-0.008740102494398229,-0.0161242680949668,-0.001355936893829659
03_LONDONBRIDGE,London Bridge (Tower Pier),48,-0.006827187366772161,-0.01421135296734073,0.000556978233796409
03_LONDONBRIDGE,London Bridge (Tower Pier),49,0.010582375659652898,0.0031982100590843285,0.01796654126022147
03_LONDONBRIDGE,London Bridge (Tower Pier),50,0.017286395057702394,0.009902229457133826,0.024670560658270963
03_LONDONBRIDGE,London Bridge (Tower Pier),51,0.02888991257619839,0.021505746975629823,0.03627407817676696
03_LONDONBRIDGE,London Bridge (Tower Pier),52,0.044323253434011826,0.036939087833443254,0.0517074190345804
03_LONDONBRIDGE,London Bridge (Tower Pier),53,0.05272248811673426,0.04533832251616569,0.06010665371730283
03_LONDONBRIDGE,London Bridge (Tower Pier),54,0.06878375322639681,0.061399587625828235,0.07616791882696537
03_LONDONBRIDGE,London Bridge (Tower Pier),55,0.07775064673559849,0.07036648113502993,0.08513481233616706
03_LONDONBRIDGE,London Bridge (Tower Pier),56,0.07838115023101601,0.07099698463044744,0.08576531583158457
03_LONDONBRIDGE,London Bridge (Tower Pier),57,0.07680998450794885,0.06942581890738028,0.08419415010851741
03_LONDONBRIDGE,London Bridge (Tower Pier),58,0.07495920231628637,0.06757503671571781,0.08234336791685494
03_LONDONBRIDGE,London Bridge (Tower Pier),59,0.07377339752826612,0.06638923192769755,0.08115756312883468
03_LONDONBRIDGE,London Bridge (Tower Pier),60,0.06355857820826316,0.05617441260769459,0.07094274380883173
03_LONDONBRIDGE,London Bridge (Tower Pier),61,0.05763753401670496,0.05025336841613639,0.06502169961727353
03_LONDONBRIDGE,London Bridge (Tower Pier),62,0.047057632145894535,0.03967346654532596,0.05444179774646311
03_LONDONBRIDGE,London Bridge (Tower Pier),63,0.032747335125429135,0.025363169524860566,0.04013150072599771
03_LONDONBRIDGE,London Bridge (Tower Pier),64,0.01556617349821602,0.008182007897647451,0.02295033909878459
03_LONDONBRIDGE,London Bridge (Tower Pier),65,-0.009181004209114033,-0.016565169809682603,-0.0017968386085454634
03_LONDONBRIDGE,London Bridge (Tower Pier),66,-0.03552264629405715,-0.042906811894625724,-0.028138480693488583
03_LONDONBRIDGE,London Bridge (Tower Pier),67,-0.057479742240693646,-0.06486390784126221,-0.050095576640125074
03_LONDONBRIDGE,London Bridge (Tower Pier),68,-0.08191892088964108,-0.08930308649020964,-0.07453475528907251
03_LONDONBRIDGE,London Bridge (Tower Pier),69,-0.09783485258982226,-0.10521901819039083,-0.0904506869892537
03_LONDONBRIDGE,London Bridge (Tower Pier),70,-0.1332019837923184,-0.14058614939288697,-0.12581781819174984
03_LONDONBRIDGE,London Bridge (Tower Pier),71,-0.1185608868576731,-0.12594505245824167,-0.11117672125710454
03_LONDONBRIDGE,London Bridge (Tower Pier),72,-0.12049565703662221,-0.12787982263719078,-0.11311149143605365
03_LONDONBRIDGE,London Bridge (Tower Pier),73,-0.1104130607319699,-0.11779722633253846,-0.10302889513140133
03_LONDONBRIDGE,London Bridge (Tower Pier),74,-0.06399340335545266,-0.07137756895602122,-0.056609237754884086
03_LONDONBRIDGE,London Bridge (Tower Pier),75,-0.04413489517354648,-0.051519060774115055,-0.03675072957297791
03_LONDONBRIDGE,London Bridge (Tower Pier),76,0.03766262650891722,0.03027846090834865,0.04504679210948579
03_LONDONBRIDGE,London Bridge (Tower Pier),77,0.10393205658392818,0.09654789098335961,0.11131622218449674
03_LONDONBRIDGE,London Bridge (Tower Pier),78,0.1038456366223814,0.09646147102181284,0.11122980222294997
03_LONDONBRIDGE,London Bridge (Tower Pier),79,0.07475194688174248,0.06736778128117392,0.08213611248231105
03_LONDONBRIDGE,London Bridge (Tower Pier),80,0.05388429233337357,0.046500126732805,0.061268457933942144
03_LONDONBRIDGE,London Bridge (Tower Pier),81,0.03429776818739164,0.026913602586823075,0.041681933787960215
03_LONDONBRIDGE,London Bridge (Tower Pier),82,-0.021514985809484216,-0.028899151410052785,-0.014130820208915647
03_LONDONBRIDGE,London Bridge (Tower Pier),83,0.00021323442981691207,-0.007170931170751658,0.007597400030385481
03_LONDONBRIDGE,London Bridge (Tower Pier),84,-0.0012358713135124447,-0.008620036914081013,0.006148294287056125
03_LONDONBRIDGE,London Bridge (Tower Pier),85,-0.008587917574415599,-0.015972083174984168,-0.0012037519738470294
03_LONDONBRIDGE,London Bridge (Tower Pier),86,-0.019328980893734696,-0.026713146494303265,-0.011944815293166128
03_LONDONBRIDGE,London Bridge (Tower Pier),87,-0.013028952947832604,-0.020413118548401173,-0.0056447873472640344
03_LONDONBRIDGE,London Bridge (Tower Pier),88,-0.01922948297948345,-0.026613648580052017,-0.01184531737891488
03_LONDONBRIDGE,London Bridge (Tower Pier),89,-0.02305644671552646,-0.030440612316095027,-0.01567228111495789
03_LONDONBRIDGE,London Bridge (Tower Pier),90,-0.02214477165497254,-0.029528937255541107,-0.01476060605440397
03_LONDONBRIDGE,London Bridge (Tower Pier),91,-0.022556629979693953,-0.02994079558026252,-0.015172464379125384
03_LONDONBRIDGE,London Bridge (Tower Pier),92,-0.022362754177154363,-0.02974691977772293,-0.014978588576585794
03_LONDONBRIDGE,London Bridge (Tower Pier),93,-0.020003482333895473,-0.027387647934464042,-0.012619316733326905
03_LONDONBRIDGE,London Bridge (Tower Pier),94,-0.02526000593170801,-0.032644171532276584,-0.017875840331139443
03_LONDONBRIDGE,London Bridge (Tower Pier),95,-0.016738723403769706,-0.024122889004338274,-0.009354557803201137
03_LONDONBRIDGE,London Bridge (Tower Pier),96,-0.013495359000621255,-0.020879524601189824,-0.006111193400052685
03_LONDONBRIDGE,London Bridge (Tower Pier),97,-0.010631327453573102,-0.01801549305414167,-0.0032471618530045326
03_LONDONBRIDGE,London Bridge (Tower Pier),98,-0.0036079422301341386,-0.010992107830702709,0.003776223370434431
03_LONDONBRIDGE,London Bridge (Tower Pier),99,-0.013936488670973387,-0.021320654271541957,-0.006552323070404817
03_LONDONBRIDGE,London Bridge (Tower Pier),100,-0.007937166782590942,-0.015321332383159511,-0.0005530011820223729
03_LONDONBRIDGE,London Bridge (Tower Pier),101,-0.007939067337328685,-0.015323232937897256,-0.0005549017367601156
03_LONDONBRIDGE,London Bridge (Tower Pier),102,-0.018388540971622354,-0.025772706572190923,-0.011004375371053785
03_LONDONBRIDGE,London Bridge (Tower Pier),103,-0.023062647534056027,-0.030446813134624596,-0.01567848193348746
03_LONDONBRIDGE,London Bridge (Tower Pier),104,-0.02905723004358296,-0.03644139564415153,-0.02167306444301439
03_LONDONBRIDGE,London Bridge (Tower Pier),105,-0.020554033819377246,-0.027938199419945815,-0.013169868218808677
03_LONDONBRIDGE,London Bridge (Tower Pier),106,-0.02214786146555443,-0.029532027066123,-0.014763695864985861
03_LONDONBRIDGE,London Bridge (Tower Pier),107,-0.006211834814435905,-0.013596000415004476,0.0011723307861326642
03_LONDONBRIDGE,London Bridge (Tower Pier),108,0.004845810093552368,-0.0025383555070162015,0.012229975694120938
03_LONDONBRIDGE,London Bridge (Tower Pier),109,0.014368543770747534,0.006984378170178965,0.021752709371316105
03_LONDONBRIDGE,London Bridge (Tower Pier),110,0.016514810941737387,0.009130645341168819,0.023898976542305956
03_LONDONBRIDGE,London Bridge (Tower Pier),111,0.022838978704704936,0.015454813104136367,0.030223144305273505
03_LONDONBRIDGE,London Bridge (Tower Pier),112,0.033344489437489654,0.025960323836921085,0.040728655038058226
03_LONDONBRIDGE,London Bridge (Tower Pier),113,0.036754833531206406,0.029370667930637837,0.04413899913177498
03_LONDONBRIDGE,London Bridge (Tower Pier),114,0.038036176349134594,0.030652010748566026,0.045420341949703166
03_LONDONBRIDGE,London Bridge (Tower Pier),115,0.03720927366766524,0.029825108067096668,0.04459343926823381
03_LONDONBRIDGE,London Bridge (Tower Pier),116,0.038807073848647324,0.03142290824807875,0.046191239449215896
03_LONDONBRIDGE,London Bridge (Tower Pier),117,0.003947720106743674,-0.0034364454938248957,0.011331885707312243
03_LONDONBRIDGE,London Bridge (Tower Pier),118,0.017925705424194627,0.010541539823626059,0.025309871024763196
03_LONDONBRIDGE,London Bridge (Tower Pier),119,0.01207575278994717,0.004691587189378601,0.01945991839051574
03_LONDONBRIDGE,London Bridge (Tower Pier),120,0.0034775915870266455,-0.003906574013541924,0.010861757187595215
03_LONDONBRIDGE,London Bridge (Tower Pier),121,0.0036322425797151807,-0.003751923020853389,0.01101640818028375
03_LONDONBRIDGE,London Bridge (Tower Pier),122,0.024878026743854968,0.0174938611432864,0.03226219234442354
03_LONDONBRIDGE,London Bridge (Tower Pier),123,0.025359913831315938,0.01797574823074737,0.03274407943188451
03_LONDONBRIDGE,London Bridge (Tower Pier),124,0.029222090186323577,0.02183792458575501,0.036606255786892146
03_LONDONBRIDGE,London Bridge (Tower Pier),125,0.02279684725952104,0.01541268165895247,0.030181012860089607
03_LONDONBRIDGE,London Bridge (Tower Pier),126,0.03863337377979135,0.03124920817922278,0.04601753938035992
03_LONDONBRIDGE,London Bridge (Tower Pier),127,0.03487110618007275,0.02748694057950418,0.04225527178064132
03_LONDONBRIDGE,London Bridge (Tower Pier),128,0.028427316074677605,0.021043150474109037,0.03581148167524618
03_LONDONBRIDGE,London Bridge (Tower Pier),129,0.02231498948634018,0.014930823885771612,0.02969915508690875
03_LONDONBRIDGE,London Bridge (Tower Pier),130,0.017798994693494555,0.010414829092925987,0.025183160294063124
03_LONDONBRIDGE,London Bridge (Tower Pier),131,0.012662214757700137,0.005278049157131567,0.020046380358268705
03_LONDONBRIDGE,London Bridge (Tower Pier),132,0.0129986345483288,0.00561446894776023,0.02038280014889737
03_LONDONBRIDGE,London Bridge (Tower Pier),133,0.012062166610888415,0.004678001010319846,0.019446332211456984
03_LONDONBRIDGE,London Bridge (Tower Pier),134,0.007470580365157173,8.64147645886033e-05,0.014854745965725741
03_LONDONBRIDGE,London Bridge (Tower Pier),135,0.005593789919091398,-0.0017903756814771719,0.012977955519659967
03_LONDONBRIDGE,London Bridge (Tower Pier),136,0.0038040250958114624,-0.003580140504757107,0.011188190696380032
03_LONDONBRIDGE,London Bridge (Tower Pier),137,0.002748691590599813,-0.004635474009968756,0.010132857191168382
03_LONDONBRIDGE,London Bridge (Tower Pier),138,0.0014653196935739533,-0.005918845906994616,0.008849485294142524
03_LONDONBRIDGE,London Bridge (Tower Pier),139,-0.0027237573335764237,-0.010107922934144992,0.004660408266992146
03_LONDONBRIDGE,London Bridge (Tower Pier),140,-0.0015475362700064904,-0.00893170187057506,0.005836629330562079
03_LONDONBRIDGE,London Bridge (Tower Pier),141,-0.0005627817712732175,-0.007946947371841788,0.006821383829295352
03_LONDONBRIDGE,London Bridge (Tower Pier),142,-0.004075341552333406,-0.011459507152901977,0.0033088240482351634
03_LONDONBRIDGE,London Bridge (Tower Pier),143,-0.015256514664698734,-0.022640680265267304,-0.007872349064130164
03_LONDONBRIDGE,London Bridge (Tower Pier),144,-0.029208229464511234,-0.0365923950650798,-0.021824063863942665
03_LONDONBRIDGE,London Bridge (Tower Pier),145,-0.046358150859414866,-0.05374231645998344,-0.038973985258846294
03_LONDONBRIDGE,London Bridge (Tower Pier),146,-0.05917145255297786,-0.06655561815354642,-0.051787286952409285
03_LONDONBRIDGE,London Bridge (Tower Pier),147,-0.05180157452521353,-0.0591857401257821,-0.044417408924644956
03_LONDONBRIDGE,London Bridge (Tower Pier),148,-0.08802713345566936,-0.09541129905623792,-0.08064296785510079
03_LONDONBRIDGE,London Bridge (Tower Pier),149,0.006443869005368546,-0.0009402965952000231,0.013828034605937116
03_LONDONBRIDGE,London Bridge (Tower Pier),150,-0.02130239966101286,-0.028686565261581427,-0.01391823406044429
03_LONDONBRIDGE,London Bridge (Tower Pier),151,0.05065180438546772,0.04326763878489915,0.058035969986036294
03_LONDONBRIDGE,London Bridge (Tower Pier),152,0.09145346176269262,0.08406929616212405,0.09883762736326118
03_LONDONBRIDGE,London Bridge (Tower Pier),153,0.07200268573739813,0.06461852013682956,0.07938685133796669
03_LONDONBRIDGE,London Bridge (Tower Pier),154,0.023680665575030947,0.016296499974462378,0.031064831175599515
03_LONDONBRIDGE,London Bridge (Tower Pier),155,0.013008265201428183,0.005624099600859613,0.020392430801996753
03_LONDONBRIDGE,London Bridge (Tower Pier),156,0.006661064653425107,-0.0007231009471434626,0.014045230253993676
03_LONDONBRIDGE,London Bridge (Tower Pier),157,-0.004888558079615456,-0.012272723680184026,0.0024956075209531135
03_LONDONBRIDGE,London Bridge (Tower Pier),158,-0.003706470748292765,-0.011090636348861335,0.0036776948522758046
03_LONDONBRIDGE,London Bridge (Tower Pier),159,0.007917131061532124,0.0005329654609635545,0.015301296662100693
03_LONDONBRIDGE,London Bridge (Tower Pier),160,0.01412509830847749,0.00674093270790892,0.021509263909046058
03_LONDONBRIDGE,London Bridge (Tower Pier),161,0.018539019890587975,0.011154854290019407,0.025923185491156544
03_LONDONBRIDGE,London Bridge (Tower Pier),162,0.018184068600727566,0.010799903000158997,0.025568234201296135
03_LONDONBRIDGE,London Bridge (Tower Pier),163,0.01947481351538393,0.012090647914815362,0.0268589791159525
03_LONDONBRIDGE,London Bridge (Tower Pier),164,0.014591015766195077,0.007206850165626507,0.021975181366763647
03_LONDONBRIDGE,London Bridge (Tower Pier),165,0.01023871289360192,0.002854547293033351,0.01762287849417049
03_LONDONBRIDGE,London Bridge (Tower Pier),166,0.010931834396788607,0.0035476687962200373,0.018315999997357175
03_LONDONBRIDGE,London Bridge (Tower Pier),167,0.009635943992766741,0.002251778392198172,0.01702010959333531
03_LONDONBRIDGE,London Bridge (Tower Pier),168,0.00814385651822128,0.0007596909176527103,0.015528022118789848
03_LONDONBRIDGE,London Bridge (Tower Pier),169,0.011359735895738,0.003975570295169431,0.01874390149630657
03_LONDONBRIDGE,London Bridge (Tower Pier),170,-0.003089111349791779,-0.01047327695036035,0.00429505425077679
03_LONDONBRIDGE,London Bridge (Tower Pier),171,0.006241738840432133,-0.0011424267601364366,0.013625904441000702
03_LONDONBRIDGE,London Bridge (Tower Pier),172,0.0035933901408565557,-0.003790775459712014,0.010977555741425126
03_LONDONBRIDGE,London Bridge (Tower Pier),173,-0.000830918762557218,-0.008215084363125787,0.006553246838011352
03_LONDONBRIDGE,London Bridge (Tower Pier),174,-0.0010043065608709757,-0.008388472161439545,0.006379859039697594
03_LONDONBRIDGE,London Bridge (Tower Pier),175,-0.0168828140564169,-0.024266979656985467,-0.00949864845584833
03_LONDONBRIDGE,London Bridge (Tower Pier),176,-0.01164293882388215,-0.01902710442445072,-0.004258773223313581
03_LONDONBRIDGE,London Bridge (Tower Pier),177,-0.009946301754192978,-0.01733046735476155,-0.0025621361536244088
03_LONDONBRIDGE,London Bridge (Tower Pier),178,-0.010632938445100267,-0.018017104045668836,-0.0032487728445316976
03_LONDONBRIDGE,London Bridge (Tower Pier),179,-0.018994156153458286,-0.026378321754026855,-0.011609990552889717
03_LONDONBRIDGE,London Bridge (Tower Pier),180,-0.01261189045019898,-0.019996056050767548,-0.00522772484963041
03_LONDONBRIDGE,London Bridge (Tower Pier),181,-0.015687760715292626,-0.023071926315861194,-0.008303595114724057
03_LONDONBRIDGE,London Bridge (Tower Pier),182,-0.021200664209103992,-0.02858482980967256,-0.013816498608535423
03_LONDONBRIDGE,London Bridge (Tower Pier),183,-0.02412974195607063,-0.0315139075566392,-0.01674557635550206
03_LONDONBRIDGE,London Bridge (Tower Pier),184,-0.02206899451651635,-0.029453160117084917,-0.01468482891594778
03_LONDONBRIDGE,London Bridge (Tower Pier),185,-0.02688718878901864,-0.034271354389587214,-0.019503023188450073
03_LONDONBRIDGE,London Bridge (Tower Pier),186,-0.02414948004603263,-0.0315336456466012,-0.01676531444546406
03_LONDONBRIDGE,London Bridge (Tower Pier),187,-0.021956988190378685,-0.029341153790947254,-0.014572822589810117
03_LONDONBRIDGE,London Bridge (Tower Pier),188,-0.01798022565985866,-0.02536439126042723,-0.010596060059290091
03_LONDONBRIDGE,London Bridge (Tower Pier),189,-0.014117059099285323,-0.021501224699853893,-0.006732893498716753
03_LONDONBRIDGE,London Bridge (Tower Pier),190,-0.011294664922244242,-0.01867883052281281,-0.003910499321675673
03_LONDONBRIDGE,London Bridge (Tower Pier),191,-0.007321636847948489,-0.014705802448517057,6.25287526200809e-05
03_LONDONBRIDGE,London Bridge (Tower Pier),192,-0.015862855268217128,-0.023247020868785696,-0.008478689667648559
03_LONDONBRIDGE,London Bridge (Tower Pier),193,-5.12078167849911e-05,-0.007435373417353561,0.007332957783783578
03_LONDONBRIDGE,London Bridge (Tower Pier),194,0.005195450606756807,-0.0021887149938117625,0.012579616207325377
03_LONDONBRIDGE,London Bridge (Tower Pier),195,0.0011876918358117538,-0.006196473764756816,0.008571857436380323
03_LONDONBRIDGE,London Bridge (Tower Pier),196,-0.0005134549285301404,-0.00789762052909871,0.006870710672038429
03_LONDONBRIDGE,London Bridge (Tower Pier),197,-0.002041339024289894,-0.009425504624858463,0.005342826576278676
03_LONDONBRIDGE,London Bridge (Tower Pier),198,-0.00907469866520087,-0.016458864265769438,-0.0016905330646322997
03_LONDONBRIDGE,London Bridge (Tower Pier),199,-0.015720155467673552,-0.02310432106824212,-0.008335989867104984
03_LONDONBRIDGE,London Bridge (Tower Pier),200,-0.01233414947484285,-0.01971831507541142,-0.00494998387427428
03_LONDONBRIDGE,London Bridge (Tower Pier),201,-0.011675992778333116,-0.019060158378901685,-0.004291827177764547
03_LONDONBRIDGE,London Bridge (Tower Pier),202,-0.00987237670196184,-0.01725654230253041,-0.0024882111013932702
03_LONDONBRIDGE,London Bridge (Tower Pier),203,-0.016538481925224262,-0.02392264752579283,-0.009154316324655694
03_LONDONBRIDGE,London Bridge (Tower Pier),204,-0.01327147476823381,-0.02065564036880238,-0.0058873091676652405
03_LONDONBRIDGE,London Bridge (Tower Pier),205,-0.015687587995159655,-0.023071753595728224,-0.008303422394591087
03_LONDONBRIDGE,London Bridge (Tower Pier),206,-0.019430142284336864,-0.026814307884905433,-0.012045976683768295
03_LONDONBRIDGE,London Bridge (Tower Pier),207,-0.020912290260654283,-0.02829645586122285,-0.013528124660085714
03_LONDONBRIDGE,London Bridge (Tower Pier),208,-0.018139747716618422,-0.02552391331718699,-0.010755582116049853
03_LONDONBRIDGE,London Bridge (Tower Pier),209,-0.015373436071974849,-0.02275760167254342,-0.007989270471406278
03_LONDONBRIDGE,London Bridge (Tower Pier),210,-0.01352521070999181,-0.02090937631056038,-0.00614104510942324
03_LONDONBRIDGE,London Bridge (Tower Pier),211,-0.011286729135839132,-0.018670894736407703,-0.0039025635352705626
03_LONDONBRIDGE,London Bridge (Tower Pier),212,-0.0035130298337571705,-0.01089719543432574,0.003871135766811399
03_LONDONBRIDGE,London Bridge (Tower Pier),213,0.002637104659754263,-0.004747060940814307,0.010021270260322832
03_LONDONBRIDGE,London Bridge (Tower Pier),214,0.006004006796033172,-0.0013801588045353978,0.013388172396601741
03_LONDONBRIDGE,London Bridge (Tower Pier),215,0.011492733995833638,0.004108568395265068,0.018876899596402208
03_LONDONBRIDGE,London Bridge (Tower Pier),216,0.018786951645361167,0.011402786044792598,0.026171117245929736
03_LONDONBRIDGE,London Bridge (Tower Pier),217,0.023185432756075756,0.015801267155507188,0.030569598356644325
03_LONDONBRIDGE,London Bridge (Tower Pier),218,0.025842787283958737,0.01845862168339017,0.03322695288452731
03_LONDONBRIDGE,London Bridge (Tower Pier),219,0.03295755500235778,0.02557338940178921,0.04034172060292635
03_LONDONBRIDGE,London Bridge (Tower Pier),220,0.035773536520389594,0.028389370919821025,0.043157702120958166
03_LONDONBRIDGE,London Bridge (Tower Pier),221,0.03998947795404521,0.03260531235347664,0.047373643554613785
03_LONDONBRIDGE,London Bridge (Tower Pier),222,0.022313364557648922,0.014929198957080354,0.02969753015821749
03_LONDONBRIDGE,London Bridge (Tower Pier),223,0.016153552720996583,0.008769387120428015,0.023537718321565152
03_LONDONBRIDGE,London Bridge (Tower Pier),224,0.03816337224664693,0.030779206646078364,0.045547537847215505
03_LONDONBRIDGE,London Bridge (Tower Pier),225,0.023349869955503425,0.015965704354934857,0.030734035556071994
03_LONDONBRIDGE,London Bridge (Tower Pier),226,-0.002506881231473881,-0.009891046832042451,0.004877284369094688
03_LONDONBRIDGE,London Bridge (Tower Pier),227,-0.012162588930859256,-0.019546754531427825,-0.004778423330290687
03_LONDONBRIDGE,London Bridge (Tower Pier),228,-0.012588091533390461,-0.01997225713395903,-0.005203925932821892
03_LONDONBRIDGE,London Bridge (Tower Pier),229,-0.013613986852831723,-0.020998152453400292,-0.006229821252263154
03_LONDONBRIDGE,London Bridge (Tower Pier),230,-0.021697474645826432,-0.029081640246395,-0.014313309045257863
03_LONDONBRIDGE,London Bridge (Tower Pier),231,-0.022171032861985508,-0.029555198462554076,-0.014786867261416939
03_LONDONBRIDGE,London Bridge (Tower Pier),232,0.0006314499446343395,-0.00675271565593423,0.008015615545202909
03_LONDONBRIDGE,London Bridge (Tower Pier),233,0.00640907095933472,-0.0009750946412338491,0.01379323655990329
03_LONDONBRIDGE,London Bridge (Tower Pier),234,0.007012012709402736,-0.00037215289116583356,0.014396178309971305
03_LONDONBRIDGE,London Bridge (Tower Pier),235,0.008027432478644543,0.0006432668780759739,0.015411598079213114
03_LONDONBRIDGE,London Bridge (Tower Pier),236,0.008532017066450747,0.0011478514658821775,0.015916182667019316
03_LONDONBRIDGE,London Bridge (Tower Pier),237,0.013675496230876907,0.006291330630308337,0.021059661831445475
03_LONDONBRIDGE,London Bridge (Tower Pier),238,0.004877415992343023,-0.0025067496082255463,0.012261581592911592
03_LONDONBRIDGE,London Bridge (Tower Pier),239,0.011240102847322155,0.0038559372467535857,0.018624268447890724
03_LONDONBRIDGE,London Bridge (Tower Pier),240,0.01763111588017122,0.010246950279602651,0.02501528148073979
03_LONDONBRIDGE,London Bridge (Tower Pier),241,0.01821332844874658,0.01082916284817801,0.025597494049315148
03_LONDONBRIDGE,London Bridge (Tower Pier),242,0.012028481727941468,0.004644316127372899,0.019412647328510037
03_LONDONBRIDGE,London Bridge (Tower Pier),243,0.007894020805966954,0.000509855205398385,0.015278186406535523
03_LONDONBRIDGE,London Bridge (Tower Pier),244,0.00933201401547213,0.0019478484149035606,0.0167161796160407
03_LONDONBRIDGE,London Bridge (Tower Pier),245,0.006051583793186712,-0.0013325818073818578,0.013435749393755282
03_LONDONBRIDGE,London Bridge (Tower Pier),246,0.006495835236672613,-0.0008883303638959564,0.013880000837241183
03_LONDONBRIDGE,London Bridge (Tower Pier),247,0.008469317066564092,0.001085151465995522,0.01585348266713266
03_LONDONBRIDGE,London Bridge (Tower Pier),248,0.0054007287407299,-0.0019834368598386698,0.01278489434129847
03_LONDONBRIDGE,London Bridge (Tower Pier),249,0.006678985445492813,-0.0007051801550757566,0.014063151046061383
03_LONDONBRIDGE,London Bridge (Tower Pier),250,0.002944985882296207,-0.004439179718272363,0.010329151482864776
03_LONDONBRIDGE,London Bridge (Tower Pier),251,0.001528349512077335,-0.005855816088491235,0.008912515112645904
03_LONDONBRIDGE,London Bridge (Tower Pier),252,-0.0015937635507829043,-0.008977929151351474,0.005790402049785665
03_LONDONBRIDGE,London Bridge (Tower Pier),253,-0.00043411736352413845,-0.007818282964092708,0.006950048237044431
03_LONDONBRIDGE,London Bridge (Tower Pier),254,-0.0037377301660542163,-0.011121895766622786,0.0036464354345143533
03_LONDONBRIDGE,London Bridge (Tower Pier),255,-0.00437627566770416,-0.01176044126827273,0.0030078899328644096
03_LONDONBRIDGE,London Bridge (Tower Pier),256,-0.0031275542607985436,-0.010511719861367112,0.004256611339770026
03_LONDONBRIDGE,London Bridge (Tower Pier),257,-0.0026266359100367634,-0.010010801510605332,0.004757529690531806
03_LONDONBRIDGE,London Bridge (Tower Pier),258,-0.013866231832787962,-0.021250397433356532,-0.006482066232219392
03_LONDONBRIDGE,London Bridge (Tower Pier),259,-0.012469300006428367,-0.019853465606996936,-0.005085134405859798
03_LONDONBRIDGE,London Bridge (Tower Pier),260,-0.010579700394003308,-0.01796386599457188,-0.003195534793434739
03_LONDONBRIDGE,London Bridge (Tower Pier),261,-0.01052579847497754,-0.017909964075546108,-0.00314163287440897
03_LONDONBRIDGE,London Bridge (Tower Pier),262,-0.012875679618258052,-0.020259845218826622,-0.005491514017689482
03_LONDONBRIDGE,London Bridge (Tower Pier),263,-0.007691121175008235,-0.015075286775576804,-0.00030695557443966535
03_LONDONBRIDGE,London Bridge (Tower Pier),264,-0.0022083778222803142,-0.009592543422848883,0.005175787778288255
03_LONDONBRIDGE,London Bridge (Tower Pier),265,0.0013524963124421933,-0.006031669288126376,0.008736661913010762
03_LONDONBRIDGE,London Bridge (Tower Pier),266,-0.010040791233523035,-0.017424956834091603,-0.002656625632954465
03_LONDONBRIDGE,London Bridge (Tower Pier),267,0.010262338271473307,0.002878172670904737,0.017646503872041877
03_LONDONBRIDGE,London Bridge (Tower Pier),268,0.009692416505045803,0.002308250904477233,0.01707658210561437
03_LONDONBRIDGE,London Bridge (Tower Pier),269,0.006825297120128131,-0.0005588684804404389,0.0142094627206967
03_LONDONBRIDGE,London Bridge (Tower Pier),270,0.004968058607074342,-0.0024161069934942273,0.012352224207642912
03_LONDONBRIDGE,London Bridge (Tower Pier),271,0.009171470501651756,0.0017873049010831863,0.016555636102220325
03_LONDONBRIDGE,London Bridge (Tower Pier),272,0.006933096247925691,-0.00045106935264287856,0.01431726184849426
03_LONDONBRIDGE,London Bridge (Tower Pier),273,0.0028725796904840784,-0.004511585910084491,0.010256745291052648
03_LONDONBRIDGE,London Bridge (Tower Pier),274,0.002627448927868485,-0.004756716672700084,0.010011614528437055
03_LONDONBRIDGE,London Bridge (Tower Pier),275,0.003914842086219103,-0.0034693235143494665,0.011299007686787672
03_LONDONBRIDGE,London Bridge (Tower Pier),276,0.002465757885424624,-0.0049184077151439454,0.009849923485993194
03_LONDONBRIDGE,London Bridge (Tower Pier),277,0.003529801421847373,-0.0038543641787211966,0.010913967022415942
03_LONDONBRIDGE,London Bridge (Tower Pier),278,0.002072116986955716,-0.005312048613612853,0.009456282587524286
03_LONDONBRIDGE,London Bridge (Tower Pier),279,-0.0011405306360335518,-0.008524696236602122,0.0062436349645350175
03_LONDONBRIDGE,London Bridge (Tower Pier),280,-0.003247509117836188,-0.010631674718404757,0.004136656482732382
03_LONDONBRIDGE,London Bridge (Tower Pier),281,-0.0017509664629716329,-0.009135132063540202,0.005633199137596937
03_LONDONBRIDGE,London Bridge (Tower Pier),282,-0.001256810934676809,-0.00864097653524538,0.006127354665891761
03_LONDONBRIDGE,London Bridge (Tower Pier),283,-0.001406614981677959,-0.008790780582246529,0.0059775506188906105
03_LONDONBRIDGE,London Bridge (Tower Pier),284,0.00028558838176385824,-0.007098577218804711,0.007669753982332428
03_LONDONBRIDGE,London Bridge (Tower Pier),285,-0.0036703868318580133,-0.011054552432426583,0.003713778768710556
03_LONDONBRIDGE,London Bridge (Tower Pier),286,-0.005937810271186954,-0.013321975871755523,0.0014463553293816156
03_LONDONBRIDGE,London Bridge (Tower Pier),287,-0.0071969820766312614,-0.01458114767719983,0.0001871835239373081
03_LONDONBRIDGE,London Bridge (Tower Pier),288,-0.0006707157493415868,-0.008054881349910156,0.006713449851226983
13_WALTON,Walton on the Naze,0,1.0,1.0,1.0
13_WALTON,Walton on the Naze,1,0.9963700409139262,0.9907444600907208,1.0019956217371315
13_WALTON,Walton on the Naze,2,-0.9872996337126337,-0.9929252145358392,-0.9816740528894283
13_WALTON,Walton on the Naze,3,-0.41030964718288476,-0.4159352280060901,-0.4046840663596794
13_WALTON,Walton on the Naze,4,-0.021147940822360933,-0.0267735216455663,-0.015522359999155567
13_WALTON,Walton on the Naze,5,0.14107325730826553,0.13544767648506018,0.1466988381314709
13_WALTON,Walton on the Naze,6,0.06964187965999755,0.06401629883679218,0.07526746048320292
13_WALTON,Walton on the Naze,7,0.08059997539289117,0.0749743945696858,0.08622555621609654
13_WALTON,Walton on the Naze,8,0.03665623867008544,0.031030657846880073,0.04228181949329081
13_WALTON,Walton on the Naze,9,-0.016665567903322197,-0.022291148726527564,-0.011039987080116831
13_WALTON,Walton on the Naze,10,-0.08357597894380117,-0.08920155976700654,-0.0779503981205958
13_WALTON,Walton on the Naze,11,-0.0825715360927875,-0.08819711691599287,-0.07694595526958213
13_WALTON,Walton on the Naze,12,-0.07127620395037079,-0.07690178477357616,-0.06565062312716542
13_WALTON,Walton on the Naze,13,-0.07063996711657075,-0.07626554793977612,-0.06501438629336538
13_WALTON,Walton on the Naze,14,-0.061602201580807585,-0.06722778240401295,-0.05597662075760222
13_WALTON,Walton on the Naze,15,-0.05675183327757738,-0.06237741410078275,-0.05112625245437201
13_WALTON,Walton on the Naze,16,-0.04585750992598031,-0.05148309074918568,-0.04023192910277494
13_WALTON,Walton on the Naze,17,-0.04853348255816559,-0.054159063381370956,-0.04290790173496023
13_WALTON,Walton on the Naze,18,-0.04388457830439861,-0.04951015912760398,-0.03825899748119324
13_WALTON,Walton on the Naze,19,-0.03365398505020189,-0.03927956587340725,-0.028028404226996522
13_WALTON,Walton on the Naze,20,-0.04688428586717107,-0.05250986669037644,-0.0412587050439657
13_WALTON,Walton on the Naze,21,-0.037560170308951354,-0.043185751132156724,-0.031934589485745984
13_WALTON,Walton on the Naze,22,0.0077952048215769575,0.002169623998371591,0.013420785644782324
13_WALTON,Walton on the Naze,23,0.02279744155002181,0.017171860726816444,0.028423022373227178
13_WALTON,Walton on the Naze,24,0.04506397507667381,0.03943839425346844,0.05068955589987918
13_WALTON,Walton on the Naze,25,0.057824408200334555,0.05219882737712919,0.06344998902353992
13_WALTON,Walton on the Naze,26,0.08005793885822833,0.07443235803502296,0.0856835196814337
13_WALTON,Walton on the Naze,27,0.08584942571138893,0.08022384488818356,0.0914750065345943
13_WALTON,Walton on the Naze,28,0.07870784970986949,0.07308226888666412,0.08433343053307486
13_WALTON,Walton on the Naze,29,0.06401991425620253,0.05839433343299716,0.0696454950794079
13_WALTON,Walton on the Naze,30,0.04349666627757831,0.03787108545437294,0.04912224710078368
13_WALTON,Walton on the Naze,31,0.028313337157572466,0.0226877563343671,0.03393891798077783
13_WALTON,Walton on the Naze,32,0.014956269346244637,0.00933068852303927,0.02058185016945
13_WALTON,Walton on the Naze,33,0.009942214390333553,0.004316633567128187,0.01556779521353892
13_WALTON,Walton on the Naze,34,0.0007218153859237533,-0.004903765437281613,0.00634739620912912
13_WALTON,Walton on the Naze,35,0.0025611997784331856,-0.003064381044772181,0.008186780601638553
13_WALTON,Walton on the Naze,36,0.005198602406725817,-0.00042697841647954937,0.010824183229931183
13_WALTON,Walton on the Naze,37,0.002432649021721831,-0.0031929318014835353,0.008058229844927198
13_WALTON,Walton on the Naze,38,0.007706893354465857,0.0020813125312604906,0.013332474177671224
13_WALTON,Walton on the Naze,39,0.01429394826043012,0.008668367437224753,0.019919529083635486
13_WALTON,Walton on the Naze,40,0.009023431075468467,0.0033978502522631,0.014649011898673833
13_WALTON,Walton on the Naze,41,0.007404318989247818,0.0017787381660424517,0.013029899812453186
13_WALTON,Walton on the Naze,42,0.017666986810493595,0.012041405987288228,0.02329256763369896
13_WALTON,Walton on the Naze,43,0.023732154996298223,0.018106574173092856,0.02935773581950359
13_WALTON,Walton on the Naze,44,0.03528766220804734,0.029662081384841974,0.04091324303125271
13_WALTON,Walton on the Naze,45,0.0464527218771376,0.04082714105393223,0.05207830270034297
13_WALTON,Walton on the Naze,46,0.05626739893778978,0.050641818114584417,0.06189297976099514
13_WALTON,Walton on the Naze,47,0.06536002106519465,0.059734440241989276,0.07098560188840002
13_WALTON,Walton on the Naze,48,0.07993677915162266,0.07431119832841729,0.08556235997482803
13_WALTON,Walton on the Naze,49,0.08901789794498231,0.08339231712177694,0.09464347876818768
13_WALTON,Walton on the Naze,50,0.09926113928562548,0.09363555846242011,0.10488672010883085
13_WALTON,Walton on the Naze,51,0.08712552884189914,0.08149994801869377,0.09275110966510451
13_WALTON,Walton on the Naze,52,0.08369111574172837,0.078065534918523,0.08931669656493374
13_WALTON,Walton on the Naze,53,0.07416085154848459,0.06853527072527922,0.07978643237168996
13_WALTON,Walton on the Naze,54,0.041162479952473637,0.03553689912926827,0.046788060775679
13_WALTON,Walton on the Naze,55,0.01724988141927053,0.011624300596065163,0.022875462242475896
13_WALTON,Walton on the Naze,56,0.00013591925291684323,-0.005489661570288524,0.005761500076122209
13_WALTON,Walton on the Naze,57,-0.02854793320930158,-0.034173514032506944,-0.022922352386096214
13_WALTON,Walton on the Naze,58,-0.05157202749534764,-0.057197608318553,-0.045946446672142274
13_WALTON,Walton on the Naze,59,-0.046693261843820506,-0.05231884266702587,-0.04106768102061514
13_WALTON,Walton on the Naze,60,-0.05287099236331119,-0.05849657318651656,-0.04724541154010582
13_WALTON,Walton on the Naze,61,-0.04424388009338412,-0.04986946091658949,-0.03861829927017875
13_WALTON,Walton on the Naze,62,-0.04465826484294678,-0.05028384566615214,-0.039032684019741415
13_WALTON,Walton on the Naze,63,-0.04903524867138085,-0.05466082949458621,-0.04340966784817549
13_WALTON,Walton on the Naze,64,-0.052874779316345905,-0.058500360139551275,-0.047249198493140535
13_WALTON,Walton on the Naze,65,-0.05770725966196036,-0.06333284048516573,-0.05208167883875499
13_WALTON,Walton on the Naze,66,-0.06657112861212998,-0.07219670943533535,-0.06094554778892461
13_WALTON,Walton on the Naze,67,-0.07585908378467547,-0.08148466460788084,-0.0702335029614701
13_WALTON,Walton on the Naze,68,-0.09148603014649864,-0.09711161096970401,-0.08586044932329327
13_WALTON,Walton on the Naze,69,-0.09817150561256413,-0.1037970864357695,-0.09254592478935876
13_WALTON,Walton on the Naze,70,-0.09116562804423958,-0.09679120886744495,-0.08554004722103421
13_WALTON,Walton on the Naze,71,-0.08841277630616377,-0.09403835712936914,-0.0827871954829584
13_WALTON,Walton on the Naze,72,-0.07265856887151856,-0.07828414969472393,-0.06703298804831319
13_WALTON,Walton on the Naze,73,-0.06016762286118479,-0.06579320368439015,-0.054542042037979424
13_WALTON,Walton on the Naze,74,-0.03101587438280563,-0.036641455206010996,-0.025390293559600263
13_WALTON,Walton on the Naze,75,0.009582054221266725,0.0039564733980613585,0.015207635044472092
13_WALTON,Walton on the Naze,76,0.05397956157282795,0.04835398074962258,0.05960514239603332
13_WALTON,Walton on the Naze,77,0.07477889805934923,0.06915331723614386,0.0804044788825546
13_WALTON,Walton on the Naze,78,0.08045422251427788,0.0748286416910725,0.08607980333748325
13_WALTON,Walton on the Naze,79,0.06862403767783215,0.06299845685462678,0.07424961850103752
13_WALTON,Walton on the Naze,80,0.048283754388473994,0.04265817356526863,0.05390933521167936
13_WALTON,Walton on the Naze,81,0.035025361294842704,0.029399780471637337,0.04065094211804807
13_WALTON,Walton on the Naze,82,0.013962630032171098,0.008337049208965731,0.019588210855376466
13_WALTON,Walton on the Naze,83,0.0012791244156546853,-0.004346456407550681,0.006904705238860052
13_WALTON,Walton on the Naze,84,-0.008303808354466528,-0.013929389177671895,-0.002678227531261162
13_WALTON,Walton on the Naze,85,-0.010299608835811611,-0.01592518965901698,-0.004674028012606244
13_WALTON,Walton on the Naze,86,0.004146267070013215,-0.0014793137531921513,0.009771847893218583
13_WALTON,Walton on the Naze,87,0.01007669384243299,0.004451113019227624,0.01570227466563836
13_WALTON,Walton on the Naze,88,0.013016978697897587,0.007391397874692221,0.018642559521102955
13_WALTON,Walton on the Naze,89,0.010131319527073607,0.00450573870386824,0.015756900350278973
13_WALTON,Walton on the Naze,90,0.010039667296939026,0.004414086473733659,0.015665248120144394
13_WALTON,Walton on the Naze,91,0.0021677067428840257,-0.003457874080321341,0.007793287566089392
13_WALTON,Walton on the Naze,92,-0.00019674166172868796,-0.005822322484934054,0.005428839161476679
13_WALTON,Walton on the Naze,93,-0.0052619285537794346,-0.010887509376984801,0.000363652269425932
13_WALTON,Walton on the Naze,94,-0.018089025141141846,-0.023714605964347213,-0.01246344431793648
13_WALTON,Walton on the Naze,95,-0.02710925991298666,-0.032734840736192025,-0.021483679089781292
13_WALTON,Walton on the Naze,96,-0.030118547066531838,-0.0357441278897372,-0.02449296624332647
13_WALTON,Walton on the Naze,97,-0.032690240125351544,-0.038315820948556914,-0.027064659302146177
13_WALTON,Walton on the Naze,98,-0.027859403701979715,-0.033484984525185085,-0.02223382287877435
13_WALTON,Walton on the Naze,99,-0.014025799547126275,-0.019651380370331643,-0.008400218723920909
13_WALTON,Walton on the Naze,100,-0.0026491484485849813,-0.008274729271790349,0.0029764323746203853
13_WALTON,Walton on the Naze,101,0.009523385406213987,0.00389780458300862,0.015148966229419353
13_WALTON,Walton on the Naze,102,0.01806924975119253,0.012443668927987164,0.023694830574397897
13_WALTON,Walton on the Naze,103,0.03275139872950392,0.02712581790629855,0.03837697955270929
13_WALTON,Walton on the Naze,104,0.037436117875162635,0.03181053705195727,0.043061698698368
13_WALTON,Walton on the Naze,105,0.035884954934845725,0.03025937411164036,0.041510535758051095
13_WALTON,Walton on the Naze,106,0.031097198361741657,0.02547161753853629,0.03672277918494703
13_WALTON,Walton on the Naze,107,0.02348555249937823,0.017859971676172863,0.029111133322583596
13_WALTON,Walton on the Naze,108,0.023462566118238232,0.017836985295032866,0.0290881469414436
13_WALTON,Walton on the Naze,109,0.02620022606798527,0.020574645244779904,0.03182580689119063
13_WALTON,Walton on the Naze,110,0.02285749722410158,0.017231916400896212,0.028483078047306945
13_WALTON,Walton on the Naze,111,0.018085112162787093,0.012459531339581727,0.02371069298599246
13_WALTON,Walton on the Naze,112,0.015696982651994477,0.010071401828789111,0.021322563475199844
13_WALTON,Walton on the Naze,113,0.008964458071820622,0.0033388772486152556,0.014590038895025989
13_WALTON,Walton on the Naze,114,0.01686765763641248,0.011242076813207113,0.022493238459617846
13_WALTON,Walton on the Naze,115,0.02433499963482346,0.018709418811618094,0.029960580458028827
13_WALTON,Walton on the Naze,116,0.029586319581139407,0.02396073875793404,0.03521190040434477
13_WALTON,Walton on the Naze,117,0.030084311936192903,0.024458731112987537,0.03570989275939827
13_WALTON,Walton on the Naze,118,0.038244879094081925,0.03261929827087656,0.04387045991728729
13_WALTON,Walton on the Naze,119,0.039055128245627894,0.03342954742242253,0.04468070906883326
13_WALTON,Walton on the Naze,120,0.02873340780185767,0.023107826978652303,0.034358988625063036
13_WALTON,Walton on the Naze,121,0.022431404945744887,0.01680582412253952,0.028056985768950254
13_WALTON,Walton on the Naze,122,0.018752782985481574,0.013127202162276207,0.02437836380868694
13_WALTON,Walton on the Naze,123,0.0106632861263841,0.005037705303178734,0.01628886694958947
13_WALTON,Walton on the Naze,124,0.012296643116734202,0.006671062293528835,0.017922223939939568
13_WALTON,Walton on the Naze,125,0.0038464843750252286,-0.001779096448180138,0.009472065198230595
13_WALTON,Walton on the Naze,126,0.0020817246257079968,-0.0035438561974973698,0.007707305448913363
13_WALTON,Walton on the Naze,127,0.0064867339374536735,0.0008611531142483069,0.01211231476065904
13_WALTON,Walton on the Naze,128,0.005166449699617701,-0.0004591311235876659,0.010792030522823067
13_WALTON,Walton on the Naze,129,0.0025058738824372314,-0.003119706940768135,0.008131454705642598
13_WALTON,Walton on the Naze,130,-0.005125674657971176,-0.010751255481176543,0.0004999061652341905
13_WALTON,Walton on the Naze,131,0.003331608101709098,-0.0022939727214962686,0.008957188924914464
13_WALTON,Walton on the Naze,132,-0.003336379023045662,-0.00896195984625103,0.0022892018001597044
13_WALTON,Walton on the Naze,133,0.002364748068721726,-0.0032608327544836405,0.007990328891927093
13_WALTON,Walton on the Naze,134,0.001427967759302893,-0.004197613063902474,0.007053548582508259
13_WALTON,Walton on the Naze,135,-0.001868244111309165,-0.007493824934514531,0.0037573367118962017
13_WALTON,Walton on the Naze,136,0.005058683181914496,-0.0005668976412908705,0.010684264005119862
13_WALTON,Walton on the Naze,137,0.005659992858459051,3.441203525368468e-05,0.011285573681664418
13_WALTON,Walton on the Naze,138,0.0055946698302092104,-3.09109929961561e-05,0.011220250653414577
13_WALTON,Walton on the Naze,139,0.0004040176679806168,-0.00522156315522475,0.006029598491185983
13_WALTON,Walton on the Naze,140,-0.007746666259645757,-0.013372247082851124,-0.0021210854364403908
13_WALTON,Walton on the Naze,141,-0.02281817533199212,-0.028443756155197487,-0.017192594508786754
13_WALTON,Walton on the Naze,142,-0.03228980118641738,-0.037915382009622745,-0.026664220363212015
13_WALTON,Walton on the Naze,143,-0.05851158604331859,-0.06413716686652396,-0.05288600522011322
13_WALTON,Walton on the Naze,144,-0.02251741687788186,-0.028142997701087226,-0.016891836054676493
13_WALTON,Walton on the Naze,145,-0.11280350854676376,-0.11842908936996913,-0.10717792772355839
13_WALTON,Walton on the Naze,146,-0.013686442132037147,-0.019312022955242515,-0.00806086130883178
13_WALTON,Walton on the Naze,147,-0.06975308367744314,-0.0753786645006485,-0.06412750285423777
13_WALTON,Walton on the Naze,148,-0.03868028929946957,-0.04430587012267494,-0.0330547084762642
13_WALTON,Walton on the Naze,149,-0.03167324108693871,-0.03729882191014408,-0.026047660263733344
13_WALTON,Walton on the Naze,150,0.022739788766715004,0.017114207943509638,0.02836536958992037
13_WALTON,Walton on the Naze,151,0.045372594881262045,0.03974701405805668,0.05099817570446741
13_WALTON,Walton on the Naze,152,0.07361709632101199,0.06799151549780662,0.07924267714421736
13_WALTON,Walton on the Naze,153,0.06380194999239085,0.05817636916918548,0.06942753081559622
13_WALTON,Walton on the Naze,154,0.05125031376534834,0.045624732942142976,0.0568758945885537
13_WALTON,Walton on the Naze,155,0.03293241615633223,0.027306835333126864,0.0385579969795376
13_WALTON,Walton on the Naze,156,0.01705853882986176,0.011432958006656394,0.022684119653067127
13_WALTON,Walton on the Naze,157,0.0010967425829424614,-0.004528838240262905,0.006722323406147828
13_WALTON,Walton on the Naze,158,-0.003566625179496246,-0.009192206002701613,0.0020589556437091206
13_WALTON,Walton on the Naze,159,-0.01105916289523722,-0.016684743718442585,-0.005433582072031854
13_WALTON,Walton on the Naze,160,-0.007341240544209472,-0.012966821367414838,-0.0017156597210041058
13_WALTON,Walton on the Naze,161,-0.004877254194466779,-0.010502835017672145,0.0007483266287385878
13_WALTON,Walton on the Naze,162,-0.005007368453623006,-0.010632949276828372,0.0006182123695823603
13_WALTON,Walton on the Naze,163,0.0007269522764823601,-0.004898628546723007,0.0063525330996877264
13_WALTON,Walton on the Naze,164,-0.0022373551412680224,-0.007862935964473388,0.003388225681937344
13_WALTON,Walton on the Naze,165,0.0005055604830878834,-0.005120020340117483,0.00613114130629325
13_WALTON,Walton on the Naze,166,-0.001659214557611032,-0.0072847953808163985,0.0039663662655943345
13_WALTON,Walton on the Naze,167,-0.0010721007103668262,-0.006697681533572193,0.00455348011283854
13_WALTON,Walton on the Naze,168,-0.0018289526587934024,-0.007454533481998769,0.003796628164411964
13_WALTON,Walton on the Naze,169,-0.0021585918854997613,-0.007784172708705128,0.0034669889377056053
13_WALTON,Walton on the Naze,170,-0.010143478371549977,-0.015769059194755346,-0.004517897548344611
13_WALTON,Walton on the Naze,171,-0.01126633968700376,-0.016891920510209126,-0.005640758863798393
13_WALTON,Walton on the Naze,172,-0.010401732517803111,-0.01602731334100848,-0.004776151694597745
13_WALTON,Walton on the Naze,173,-0.017528278515260974,-0.02315385933846634,-0.011902697692055608
13_WALTON,Walton on the Naze,174,-0.023403936445554406,-0.029029517268759773,-0.01777835562234904
13_WALTON,Walton on the Naze,175,-0.02132020320130317,-0.026945784024508538,-0.015694622378097805
13_WALTON,Walton on the Naze,176,-0.022380210569003963,-0.02800579139220933,-0.016754629745798597
13_WALTON,Walton on the Naze,177,-0.02760503302888257,-0.033230613852087934,-0.021979452205677204
13_WALTON,Walton on the Naze,178,-0.027234442272732994,-0.03286002309593836,-0.021608861449527627
13_WALTON,Walton on the Naze,179,-0.030640695484988507,-0.03626627630819387,-0.02501511466178314
13_WALTON,Walton on the Naze,180,-0.03593872166485032,-0.04156430248805569,-0.030313140841644954
13_WALTON,Walton on the Naze,181,-0.0318075326855038,-0.03743311350870916,-0.026181951862298432
13_WALTON,Walton on the Naze,182,-0.03274358480844922,-0.038369165631654586,-0.027118003985243857
13_WALTON,Walton on the Naze,183,-0.02598056657174529,-0.03160614739495066,-0.020354985748539924
13_WALTON,Walton on the Naze,184,-0.0199606420502218,-0.025586222873427166,-0.014335061227016433
13_WALTON,Walton on the Naze,185,-0.018998188810250522,-0.02462376963345589,-0.013372607987045156
13_WALTON,Walton on the Naze,186,-0.0202090270807787,-0.025834607903984067,-0.014583446257573334
13_WALTON,Walton on the Naze,187,-0.01167019149449307,-0.017295772317698438,-0.006044610671287703
13_WALTON,Walton on the Naze,188,-0.013589635704057275,-0.019215216527262644,-0.007964054880851909
13_WALTON,Walton on the Naze,189,-0.012713861624451648,-0.018339442447657013,-0.007088280801246282
13_WALTON,Walton on the Naze,190,-0.00845996813962781,-0.014085548962833176,-0.0028343873164224428
13_WALTON,Walton on the Naze,191,-0.005940215620375031,-0.011565796443580398,-0.00031463479716966475
13_WALTON,Walton on the Naze,192,-0.004065424727597675,-0.009691005550803041,0.001560156095607692
13_WALTON,Walton on the Naze,193,-0.0005925327034161104,-0.006218113526621477,0.005033048119789256
13_WALTON,Walton on the Naze,194,-0.0011984290122163898,-0.006824009835421757,0.004427151810988976
13_WALTON,Walton on the Naze,195,-0.000710065694794063,-0.006335646517999429,0.004915515128411304
13_WALTON,Walton on the Naze,196,-0.0012060639087655178,-0.0068316447319708845,0.0044195169144398486
13_WALTON,Walton on the Naze,197,-0.009042674274088225,-0.014668255097293591,-0.0034170934508828583
13_WALTON,Walton on the Naze,198,0.0014932734748120647,-0.004132307348393302,0.007118854298017431
13_WALTON,Walton on the Naze,199,0.0013042141942953816,-0.004321366628909985,0.006929795017500748
13_WALTON,Walton on the Naze,200,-0.0026522903607123258,-0.008277871183917693,0.002973290462493041
13_WALTON,Walton on the Naze,201,-0.0038540484617576335,-0.009479629284963001,0.001771532361447733
13_WALTON,Walton on the Naze,202,-0.005414131733664118,-0.011039712556869485,0.00021144908954124839
13_WALTON,Walton on the Naze,203,-0.005541178510798998,-0.011166759334004364,8.440231240636892e-05
13_WALTON,Walton on the Naze,204,-0.0060468479083027014,-0.011672428731508068,-0.0004212670850973349
13_WALTON,Walton on the Naze,205,0.0012943981321180452,-0.004331182691087321,0.006919978955323412
13_WALTON,Walton on the Naze,206,0.007295165279740416,0.0016695844565350493,0.012920746102945782
13_WALTON,Walton on the Naze,207,0.008112027926237494,0.0024864471030321272,0.01373760874944286
13_WALTON,Walton on the Naze,208,0.016708542563188516,0.01108296173998315,0.022334123386393883
13_WALTON,Walton on the Naze,209,0.023895364906090837,0.01826978408288547,0.029520945729296203
13_WALTON,Walton on the Naze,210,0.027582554933322203,0.021956974110116836,0.03320813575652757
13_WALTON,Walton on the Naze,211,0.028182303328709038,0.02255672250550367,0.03380788415191441
13_WALTON,Walton on the Naze,212,0.03190054716699513,0.02627496634378976,0.0375261279902005
13_WALTON,Walton on the Naze,213,0.03201182410422735,0.026386243281021984,0.03763740492743271
13_WALTON,Walton on the Naze,214,0.041345677055461265,0.0357200962322559,0.04697125787866663
13_WALTON,Walton on the Naze,215,0.04071832174120741,0.03509274091800205,0.04634390256441277
13_WALTON,Walton on the Naze,216,0.046895823552772116,0.04127024272956675,0.05252140437597748
13_WALTON,Walton on the Naze,217,0.04382028208325047,0.03819470126004511,0.049445862906455834
13_WALTON,Walton on the Naze,218,0.042916290178370835,0.03729070935516547,0.0485418710015762
13_WALTON,Walton on the Naze,219,0.03234636582509635,0.02672078500189098,0.03797194664830171
13_WALTON,Walton on the Naze,220,0.032705634138658575,0.02708005331545321,0.03833121496186394
13_WALTON,Walton on the Naze,221,0.02034113426087489,0.014715553437669525,0.025966715084080258
13_WALTON,Walton on the Naze,222,0.010329182925243279,0.004703602102037912,0.015954763748448647
13_WALTON,Walton on the Naze,223,0.010227034969367102,0.004601454146161735,0.015852615792572466
13_WALTON,Walton on the Naze,224,0.016866755292012946,0.01124117446880758,0.022492336115218312
13_WALTON,Walton on the Naze,225,0.010118990975363956,0.004493410152158589,0.01574457179856932
13_WALTON,Walton on the Naze,226,0.007237860939352514,0.0016122801161471472,0.012863441762557881
13_WALTON,Walton on the Naze,227,0.0027429307990365203,-0.0028826500241688462,0.008368511622241887
13_WALTON,Walton on the Naze,228,-0.0005022003188187476,-0.006127781142024114,0.005123380504386619
13_WALTON,Walton on the Naze,229,-0.008387230377713255,-0.014012811200918622,-0.002761649554507889
13_WALTON,Walton on the Naze,230,-0.01570723655405764,-0.021332817377263006,-0.010081655730852273
13_WALTON,Walton on the Naze,231,-0.014937721663950002,-0.02056330248715537,-0.009312140840744635
13_WALTON,Walton on the Naze,232,-0.00868632304880126,-0.014311903872006626,-0.0030607422255958926
13_WALTON,Walton on the Naze,233,-0.0044133623244467166,-0.010038943147652083,0.00121221849875865
13_WALTON,Walton on the Naze,234,-0.0030275445147310404,-0.008653125337936407,0.002598036308474326
13_WALTON,Walton on the Naze,235,-0.0017631456232099889,-0.007388726446415355,0.003862435199995378
13_WALTON,Walton on the Naze,236,0.00546037080692696,-0.0001652100162784064,0.011085951630132327
13_WALTON,Walton on the Naze,237,0.0038697807459419755,-0.001755800077263391,0.009495361569147341
13_WALTON,Walton on the Naze,238,0.002556736077939139,-0.0030688447452662275,0.008182316901144505
13_WALTON,Walton on the Naze,239,0.003531780721117649,-0.0020938001020877174,0.009157361544323016
13_WALTON,Walton on the Naze,240,0.0072617380064254845,0.001636157183220118,0.012887318829630852
13_WALTON,Walton on the Naze,241,0.0003829538220605411,-0.005242627001144825,0.006008534645265908
13_WALTON,Walton on the Naze,242,0.00386802940406807,-0.0017575514191372965,0.009493610227273436
13_WALTON,Walton on the Naze,243,0.012008745522248884,0.006383164699043518,0.01763432634545425
13_WALTON,Walton on the Naze,244,0.008664279581444521,0.003038698758239155,0.014289860404649888
13_WALTON,Walton on the Naze,245,0.003534928912259079,-0.0020906519109462874,0.009160509735464445
13_WALTON,Walton on the Naze,246,0.0036140617929820117,-0.002011519030223355,0.009239642616187378
13_WALTON,Walton on the Naze,247,-0.0004988340017180783,-0.0061244148249234446,0.0051267468214872885
13_WALTON,Walton on the Naze,248,0.002277670978883533,-0.0033479098443218334,0.007903251802088899
13_WALTON,Walton on the Naze,249,0.00163276283415845,-0.0039928179890469165,0.007258343657363817
13_WALTON,Walton on the Naze,250,-0.0100831973270321,-0.015708778150237468,-0.004457616503826733
13_WALTON,Walton on the Naze,251,-0.010289747486965909,-0.015915328310171277,-0.004664166663760542
13_WALTON,Walton on the Naze,252,-0.009957843600613069,-0.015583424423818435,-0.004332262777407702
13_WALTON,Walton on the Naze,253,-0.013918063642916615,-0.01954364446612198,-0.008292482819711249
13_WALTON,Walton on the Naze,254,-0.013299941792229071,-0.01892552261543444,-0.007674360969023705
13_WALTON,Walton on the Naze,255,-0.01571655194666931,-0.021342132769874678,-0.010090971123463945
13_WALTON,Walton on the Naze,256,-0.020716792753776636,-0.026342373576982003,-0.01509121193057127
13_WALTON,Walton on the Naze,257,-0.018098386534546363,-0.02372396735775173,-0.012472805711340997
13_WALTON,Walton on the Naze,258,-0.014252171212678067,-0.019877752035883434,-0.0086265903894727
13_WALTON,Walton on the Naze,259,-0.009889934168482337,-0.015515514991687704,-0.0042643533452769705
13_WALTON,Walton on the Naze,260,-0.013992743887498129,-0.019618324710703496,-0.008367163064292762
13_WALTON,Walton on the Naze,261,-0.008760336949212641,-0.014385917772418008,-0.0031347561260072748
13_WALTON,Walton on the Naze,262,-0.00843201669118139,-0.014057597514386757,-0.002806435867976024
13_WALTON,Walton on the Naze,263,-0.006416962161862813,-0.01204254298506818,-0.0007913813386574466
13_WALTON,Walton on the Naze,264,0.0029813693464181695,-0.002644211476787197,0.008606950169623536
13_WALTON,Walton on the Naze,265,0.004910724275460301,-0.0007148565477450653,0.010536305098665669
13_WALTON,Walton on the Naze,266,0.00753409770495754,0.0019085168817521737,0.013159678528162907
13_WALTON,Walton on the Naze,267,0.013081422203349359,0.007455841380143992,0.018707003026554724
13_WALTON,Walton on the Naze,268,0.010058670354718306,0.004433089531512939,0.015684251177923672
13_WALTON,Walton on the Naze,269,0.009746344503144969,0.004120763679939602,0.015371925326350335
13_WALTON,Walton on the Naze,270,0.01345496986016077,0.007829389036955403,0.019080550683366136
13_WALTON,Walton on the Naze,271,0.012810401538698843,0.007184820715493477,0.01843598236190421
13_WALTON,Walton on the Naze,272,0.010742866083636542,0.005117285260431176,0.01636844690684191
13_WALTON,Walton on the Naze,273,0.007834596164104039,0.002209015340898672,0.013460176987309405
13_WALTON,Walton on the Naze,274,0.007292855262680929,0.0016672744394755626,0.012918436085886296
13_WALTON,Walton on the Naze,275,0.0012321095140946793,-0.004393471309110687,0.006857690337300046
13_WALTON,Walton on the Naze,276,0.003975749483030005,-0.0016498313401753619,0.009601330306235372
13_WALTON,Walton on the Naze,277,-0.0028384485198637236,-0.00846402934306909,0.002787132303341643
13_WALTON,Walton on the Naze,278,-0.007347151420652325,-0.012972732243857692,-0.0017215705974469586
13_WALTON,Walton on the Naze,279,0.003729274961468271,-0.0018963058617370953,0.009354855784673637
13_WALTON,Walton on the Naze,280,0.001967427582605492,-0.0036581532405998746,0.007593008405810859
13_WALTON,Walton on the Naze,281,0.001382701424101803,-0.004242879399103563,0.00700828224730717
13_WALTON,Walton on the Naze,282,0.0004428564556871705,-0.005182724367518196,0.006068437278892537
13_WALTON,Walton on the Naze,283,0.0013423142419621203,-0.004283266581243246,0.006967895065167487
13_WALTON,Walton on the Naze,284,-0.0009861678410077645,-0.006611748664213131,0.004639412982197602
13_WALTON,Walton on the Naze,285,0.0029046800399520445,-0.002720900783253322,0.008530260863157411
13_WALTON,Walton on the Naze,286,0.000552561794782973,-0.005073019028422394,0.0061781426179883395
13_WALTON,Walton on the Naze,287,-0.006972616523775546,-0.012598197346980913,-0.00134703570057018
13_WALTON,Walton on the Naze,288,0.020371938755039325,0.014746357931833959,0.025997519578244692
05_NORTHWOOLWICH,North Woolwich (Silvertown),0,1.0,1.0,1.0
05_NORTHWOOLWICH,North Woolwich (Silvertown),1,0.9960326216112586,0.9870074267306724,1.005057816491845
05_NORTHWOOLWICH,North Woolwich (Silvertown),2,-0.9325609506678473,-0.9415861455484335,-0.9235357557872611
05_NORTHWOOLWICH,North Woolwich (Silvertown),3,-0.39712885013071375,-0.4061540450112999,-0.3881036552501276
05_NORTHWOOLWICH,North Woolwich (Silvertown),4,-0.24304516181116353,-0.2520703566917497,-0.23401996693057733
05_NORTHWOOLWICH,North Woolwich (Silvertown),5,-0.13437686865270637,-0.14340206353329257,-0.12535167377212017
05_NORTHWOOLWICH,North Woolwich (Silvertown),6,-0.06915627396527582,-0.07818146884586201,-0.06013107908468963
05_NORTHWOOLWICH,North Woolwich (Silvertown),7,-0.029037137693125957,-0.03806233257371215,-0.020011942812539762
05_NORTHWOOLWICH,North Woolwich (Silvertown),8,-0.008615254624871761,-0.017640449505457956,0.00040994025571443153
05_NORTHWOOLWICH,North Woolwich (Silvertown),9,-0.031543641612459455,-0.04056883649304565,-0.02251844673187326
05_NORTHWOOLWICH,North Woolwich (Silvertown),10,-0.019886901794322443,-0.028912096674908634,-0.01086170691373625
05_NORTHWOOLWICH,North Woolwich (Silvertown),11,-0.03939723038047264,-0.04842242526105883,-0.030372035499886443
05_NORTHWOOLWICH,North Woolwich (Silvertown),12,-0.05463708634248072,-0.06366228122306691,-0.045611891461894524
05_NORTHWOOLWICH,North Woolwich (Silvertown),13,-0.06887954065846638,-0.07790473553905257,-0.05985434577788019
05_NORTHWOOLWICH,North Woolwich (Silvertown),14,0.10155501570602384,0.09252982082543765,0.11058021058661002
05_NORTHWOOLWICH,North Woolwich (Silvertown),15,-0.16669560451138202,-0.17572079939196822,-0.15767040963079582
05_NORTHWOOLWICH,North Woolwich (Silvertown),16,-0.19723571670405948,-0.20626091158464568,-0.18821052182347328
05_NORTHWOOLWICH,North Woolwich (Silvertown),17,-0.13374290646027925,-0.14276810134086546,-0.12471771157969307
05_NORTHWOOLWICH,North Woolwich (Silvertown),18,-0.09290526048143513,-0.10193045536202132,-0.08388006560084894
05_NORTHWOOLWICH,North Woolwich (Silvertown),19,-0.06475608219657364,-0.07378127707715983,-0.055730887315987444
05_NORTHWOOLWICH,North Woolwich (Silvertown),20,-0.04519102878769614,-0.05421622366828233,-0.036165833907109944
05_NORTHWOOLWICH,North Woolwich (Silvertown),21,-0.03478219858200272,-0.04380739346258891,-0.025757003701416523
05_NORTHWOOLWICH,North Woolwich (Silvertown),22,-0.021328138631380795,-0.030353333511966986,-0.012302943750794602
05_NORTHWOOLWICH,North Woolwich (Silvertown),23,-0.01825830429584158,-0.02728349917642777,-0.009233109415255387
05_NORTHWOOLWICH,North Woolwich (Silvertown),24,-0.015143507965354602,-0.024168702845940797,-0.0061183130847684095
05_NORTHWOOLWICH,North Woolwich (Silvertown),25,-0.01181830750809801,-0.020843502388684203,-0.002793112627511817
05_NORTHWOOLWICH,North Woolwich (Silvertown),26,-0.013370951112940063,-0.022396145993526254,-0.00434575623235387
05_NORTHWOOLWICH,North Woolwich (Silvertown),27,0.04620413654502633,0.037178941664440135,0.055229331425612524
05_NORTHWOOLWICH,North Woolwich (Silvertown),28,0.0017915935811862842,-0.007233601299399909,0.010816788461772477
05_NORTHWOOLWICH,North Woolwich (Silvertown),29,-0.029610209044872694,-0.03863540392545889,-0.0205850141642865
05_NORTHWOOLWICH,North Woolwich (Silvertown),30,-0.015895411812821086,-0.02492060669340728,-0.006870216932234894
05_NORTHWOOLWICH,North Woolwich (Silvertown),31,0.0045983472352267764,-0.004426847645359416,0.01362354211581297
05_NORTHWOOLWICH,North Woolwich (Silvertown),32,0.015150839054823227,0.006125644174237034,0.02417603393540942
05_NORTHWOOLWICH,North Woolwich (Silvertown),33,0.02230884639134947,0.013283651510763278,0.03133404127193566
05_NORTHWOOLWICH,North Woolwich (Silvertown),34,0.024016199536592644,0.014991004656006451,0.033041394417178835
05_NORTHWOOLWICH,North Woolwich (Silvertown),35,0.02769336774015014,0.018668172859563945,0.036718562620736334
05_NORTHWOOLWICH,North Woolwich (Silvertown),36,0.09757533590916076,0.08855014102857457,0.10660053078974695
05_NORTHWOOLWICH,North Woolwich (Silvertown),37,0.01112975437977639,0.0021045594991901968,0.020154949260362584
05_NORTHWOOLWICH,North Woolwich (Silvertown),38,-0.016927631822955966,-0.02595282670354216,-0.007902436942369773
05_NORTHWOOLWICH,North Woolwich (Silvertown),39,0.008692042331050899,-0.00033315254953529376,0.017717237211637094
05_NORTHWOOLWICH,North Woolwich (Silvertown),40,0.03925801791733625,0.030232823036750053,0.04828321279792244
05_NORTHWOOLWICH,North Woolwich (Silvertown),41,0.03745270753333103,0.028427512652744832,0.04647790241391722
05_NORTHWOOLWICH,North Woolwich (Silvertown),42,0.024570620960327798,0.015545426079741605,0.03359581584091399
05_NORTHWOOLWICH,North Woolwich (Silvertown),43,0.02184289678435368,0.012817701903767487,0.030868091664939874
05_NORTHWOOLWICH,North Woolwich (Silvertown),44,0.014545648099055225,0.005520453218469033,0.023570842979641418
05_NORTHWOOLWICH,North Woolwich (Silvertown),45,0.011807026524297624,0.0027818316437114316,0.02083222140488382
05_NORTHWOOLWICH,North Woolwich (Silvertown),46,0.007355766239959589,-0.0016694286406266036,0.01638096112054578
05_NORTHWOOLWICH,North Woolwich (Silvertown),47,-0.002333421161252704,-0.011358616041838897,0.006691773719333488
05_NORTHWOOLWICH,North Woolwich (Silvertown),48,-0.007673814791918901,-0.016699009672505094,0.0013513800886672915
05_NORTHWOOLWICH,North Woolwich (Silvertown),49,0.032131325941167556,0.02310613106058136,0.04115652082175375
05_NORTHWOOLWICH,North Woolwich (Silvertown),50,0.0034416461351254807,-0.005583548745460712,0.012466841015711674
05_NORTHWOOLWICH,North Woolwich (Silvertown),51,-0.02154348016221168,-0.030568675042797873,-0.012518285281625486
05_NORTHWOOLWICH,North Woolwich (Silvertown),52,-0.00016920472705643367,-0.009194399607642626,0.00885599015352976
05_NORTHWOOLWICH,North Woolwich (Silvertown),53,0.0301699663196819,0.021144771439095704,0.03919516120026809
05_NORTHWOOLWICH,North Woolwich (Silvertown),54,0.04869152027698948,0.03966632539640329,0.057716715157575676
05_NORTHWOOLWICH,North Woolwich (Silvertown),55,0.05897447363160018,0.04994927875101399,0.06799966851218638
05_NORTHWOOLWICH,North Woolwich (Silvertown),56,0.06599712144818827,0.056971926567602076,0.07502231632877446
05_NORTHWOOLWICH,North Woolwich (Silvertown),57,0.07028071168633244,0.06125551680574625,0.07930590656691863
05_NORTHWOOLWICH,North Woolwich (Silvertown),58,0.0730047450244352,0.06397955014384901,0.08202993990502139
05_NORTHWOOLWICH,North Woolwich (Silvertown),59,0.06617476732317389,0.05714957244258769,0.07519996220376007
05_NORTHWOOLWICH,North Woolwich (Silvertown),60,0.055388494395361164,0.04636329951477497,0.06441368927594736
05_NORTHWOOLWICH,North Woolwich (Silvertown),61,0.04511145365140665,0.03608625877082045,0.05413664853199284
05_NORTHWOOLWICH,North Woolwich (Silvertown),62,0.05088513360736016,0.04185993872677397,0.059910328487946356
05_NORTHWOOLWICH,North Woolwich (Silvertown),63,0.03192386114343198,0.022898666262845785,0.040949056024018174
05_NORTHWOOLWICH,North Woolwich (Silvertown),64,-0.0019640634207962497,-0.010989258301382442,0.007061131459789943
05_NORTHWOOLWICH,North Woolwich (Silvertown),65,-0.019354537832352907,-0.0283797327129391,-0.010329342951766714
05_NORTHWOOLWICH,North Woolwich (Silvertown),66,-0.0258457691092514,-0.03487096398983759,-0.01682057422866521
05_NORTHWOOLWICH,North Woolwich (Silvertown),67,-0.034557180820250485,-0.04358237570083668,-0.02553198593966429
05_NORTHWOOLWICH,North Woolwich (Silvertown),68,-0.047853509715043395,-0.05687870459562959,-0.0388283148344572
05_NORTHWOOLWICH,North Woolwich (Silvertown),69,-0.05621827708984818,-0.06524347197043437,-0.04719308220926199
05_NORTHWOOLWICH,North Woolwich (Silvertown),70,-0.06520371413042393,-0.07422890901101012,-0.05617851924983774
05_NORTHWOOLWICH,North Woolwich (Silvertown),71,-0.058491226812345816,-0.06751642169293201,-0.04946603193175962
05_NORTHWOOLWICH,North Woolwich (Silvertown),72,-0.0661443344438646,-0.07516952932445078,-0.0571191395632784
05_NORTHWOOLWICH,North Woolwich (Silvertown),73,-0.06957116922889398,-0.07859636410948016,-0.06054597434830778
05_NORTHWOOLWICH,North Woolwich (Silvertown),74,-0.05825980243867364,-0.06728499731925983,-0.049234607558087444
05_NORTHWOOLWICH,North Woolwich (Silvertown),75,-0.034803273153728435,-0.04382846803431463,-0.02577807827314224
05_NORTHWOOLWICH,North Woolwich (Silvertown),76,-0.014750622690532419,-0.023775817571118612,-0.005725427809946226
05_NORTHWOOLWICH,North Woolwich (Silvertown),77,-0.006119696536937427,-0.01514489141752362,0.002905498343648766
05_NORTHWOOLWICH,North Woolwich (Silvertown),78,0.0052239856813030535,-0.0038012091992831393,0.014249180561889247
05_NORTHWOOLWICH,North Woolwich (Silvertown),79,0.016065968683716313,0.00704077380313012,0.025091163564302507
05_NORTHWOOLWICH,North Woolwich (Silvertown),80,0.02327239528991126,0.014247200409325067,0.03229759017049745
05_NORTHWOOLWICH,North Woolwich (Silvertown),81,0.025708410808206843,0.016683215927620648,0.03473360568879304
05_NORTHWOOLWICH,North Woolwich (Silvertown),82,0.02054854885717433,0.011523353976588139,0.029573743737760526
05_NORTHWOOLWICH,North Woolwich (Silvertown),83,0.012062873442057701,0.0030376785614715084,0.021088068322643892
05_NORTHWOOLWICH,North Woolwich (Silvertown),84,0.010330356494918903,0.0013051616143327106,0.019355551375505098
05_NORTHWOOLWICH,North Woolwich (Silvertown),85,-0.0018982667649062584,-0.010923461645492452,0.007126928115679935
05_NORTHWOOLWICH,North Woolwich (Silvertown),86,-0.017470700275473188,-0.02649589515605938,-0.008445505394886995
05_NORTHWOOLWICH,North Woolwich (Silvertown),87,-0.02468238597850541,-0.033707580859091604,-0.015657191097919215
05_NORTHWOOLWICH,North Woolwich (Silvertown),88,-0.021476740232384085,-0.03050193511297028,-0.012451545351797893
05_NORTHWOOLWICH,North Woolwich (Silvertown),89,-0.017439146012969888,-0.02646434089355608,-0.008413951132383695
05_NORTHWOOLWICH,North Woolwich (Silvertown),90,-0.015644890097643936,-0.02467008497823013,-0.006619695217057743
05_NORTHWOOLWICH,North Woolwich (Silvertown),91,-0.01450974035560407,-0.02353493523619026,-0.005484545475017878
05_NORTHWOOLWICH,North Woolwich (Silvertown),92,-0.013502086397028108,-0.022527281277614303,-0.0044768915164419155
05_NORTHWOOLWICH,North Woolwich (Silvertown),93,-0.010821430307375837,-0.019846625187962028,-0.0017962354267896437
05_NORTHWOOLWICH,North Woolwich (Silvertown),94,-0.012148178382856166,-0.02117337326344236,-0.003122983502269973
05_NORTHWOOLWICH,North Woolwich (Silvertown),95,-0.014867444082142812,-0.023892638962729005,-0.005842249201556619
05_NORTHWOOLWICH,North Woolwich (Silvertown),96,-0.015525347487118276,-0.02455054236770447,-0.006500152606532084
05_NORTHWOOLWICH,North Woolwich (Silvertown),97,-0.0099381395853037,-0.018963334465889894,-0.0009129447047175072
05_NORTHWOOLWICH,North Woolwich (Silvertown),98,-0.009529164129384116,-0.01855435900997031,-0.0005039692487979232
05_NORTHWOOLWICH,North Woolwich (Silvertown),99,-0.014186690857197317,-0.02321188573778351,-0.005161495976611124
05_NORTHWOOLWICH,North Woolwich (Silvertown),100,-0.014846714825814343,-0.023871909706400535,-0.00582151994522815
05_NORTHWOOLWICH,North Woolwich (Silvertown),101,-0.01256691148294831,-0.0215921063635345,-0.003541716602362117
05_NORTHWOOLWICH,North Woolwich (Silvertown),102,-0.007957370819998233,-0.016982565700584425,0.0010678240605879602
05_NORTHWOOLWICH,North Woolwich (Silvertown),103,-0.0070531504941559985,-0.01607834537474219,0.0019720443864301943
05_NORTHWOOLWICH,North Woolwich (Silvertown),104,-0.004958520865992186,-0.01398371574657838,0.004066674014594007
05_NORTHWOOLWICH,North Woolwich (Silvertown),105,-0.008269394907757976,-0.017294589788344167,0.000755799972828217
05_NORTHWOOLWICH,North Woolwich (Silvertown),106,-0.007414185333921226,-0.01643938021450742,0.0016110095466649668
05_NORTHWOOLWICH,North Woolwich (Silvertown),107,-0.008145916506517959,-0.01717111138710415,0.0008792783740682337
05_NORTHWOOLWICH,North Woolwich (Silvertown),108,-0.00991400589018445,-0.018939200770770645,-0.0008888110095982577
05_NORTHWOOLWICH,North Woolwich (Silvertown),109,-0.00771578584771216,-0.016740980728298355,0.0013094090328740326
05_NORTHWOOLWICH,North Woolwich (Silvertown),110,-0.000799923065502557,-0.00982511794608875,0.008225271815083635
05_NORTHWOOLWICH,North Woolwich (Silvertown),111,0.005959865614627284,-0.003065329265958909,0.014985060495213476
05_NORTHWOOLWICH,North Woolwich (Silvertown),112,0.012469725236787212,0.0034445303562010195,0.021494920117373403
05_NORTHWOOLWICH,North Woolwich (Silvertown),113,0.014042274855566545,0.005017079974980352,0.023067469736152736
05_NORTHWOOLWICH,North Woolwich (Silvertown),114,0.019645609588413267,0.010620414707827075,0.02867080446899946
05_NORTHWOOLWICH,North Woolwich (Silvertown),115,0.022470862984030143,0.01344566810344395,0.03149605786461634
05_NORTHWOOLWICH,North Woolwich (Silvertown),116,0.02309124580433635,0.014066050923750158,0.032116440684922545
05_NORTHWOOLWICH,North Woolwich (Silvertown),117,0.02073317662263968,0.011707981742053486,0.02975837150322587
05_NORTHWOOLWICH,North Woolwich (Silvertown),118,0.015861123538716593,0.006835928658130401,0.024886318419302784
05_NORTHWOOLWICH,North Woolwich (Silvertown),119,0.013748067138020218,0.004722872257434025,0.02277326201860641
05_NORTHWOOLWICH,North Woolwich (Silvertown),120,0.008132439783038693,-0.0008927550975474999,0.017157634663624886
05_NORTHWOOLWICH,North Woolwich (Silvertown),121,0.00416035836764272,-0.004864836512943472,0.013185553248228912
05_NORTHWOOLWICH,North Woolwich (Silvertown),122,0.0008666128017458033,-0.00815858207884039,0.009891807682331995
05_NORTHWOOLWICH,North Woolwich (Silvertown),123,0.004572692374626698,-0.0044525025059594945,0.013597887255212892
05_NORTHWOOLWICH,North Woolwich (Silvertown),124,0.010629216127917018,0.0016040212473308248,0.01965441100850321
05_NORTHWOOLWICH,North Woolwich (Silvertown),125,0.01667645005817727,0.007651255177591078,0.025701644938763465
05_NORTHWOOLWICH,North Woolwich (Silvertown),126,0.020501333793668808,0.011476138913082615,0.029526528674255002
05_NORTHWOOLWICH,North Woolwich (Silvertown),127,0.02555330017025934,0.016528105289673148,0.03457849505084553
05_NORTHWOOLWICH,North Woolwich (Silvertown),128,0.02704557435116388,0.018020379470577684,0.03607076923175007
05_NORTHWOOLWICH,North Woolwich (Silvertown),129,0.030909043803818977,0.021883848923232786,0.03993423868440517
05_NORTHWOOLWICH,North Woolwich (Silvertown),130,0.029607645092129896,0.0205824502115437,0.03863283997271609
05_NORTHWOOLWICH,North Woolwich (Silvertown),131,0.029639306420075343,0.020614111539489152,0.038664501300661534
05_NORTHWOOLWICH,North Woolwich (Silvertown),132,0.030267570633573146,0.02124237575298695,0.03929276551415934
05_NORTHWOOLWICH,North Woolwich (Silvertown),133,0.028079572806189036,0.01905437792560284,0.03710476768677523
05_NORTHWOOLWICH,North Woolwich (Silvertown),134,0.024946241833789094,0.0159210469532029,0.03397143671437529
05_NORTHWOOLWICH,North Woolwich (Silvertown),135,0.021870472654991417,0.012845277774405224,0.03089566753557761
05_NORTHWOOLWICH,North Woolwich (Silvertown),136,0.01968230280891112,0.010657107928324928,0.028707497689497312
05_NORTHWOOLWICH,North Woolwich (Silvertown),137,0.01828835443336397,0.009263159552777777,0.027313549313950164
05_NORTHWOOLWICH,North Woolwich (Silvertown),138,0.015346030404173766,0.006320835523587573,0.02437122528475996
05_NORTHWOOLWICH,North Woolwich (Silvertown),139,0.011250832314204914,0.0022256374336187216,0.02027602719479111
05_NORTHWOOLWICH,North Woolwich (Silvertown),140,0.004302609777530506,-0.004722585103055687,0.013327804658116699
05_NORTHWOOLWICH,North Woolwich (Silvertown),141,-0.003858827260126518,-0.01288402214071271,0.005166367620459675
05_NORTHWOOLWICH,North Woolwich (Silvertown),142,-0.013828789692912916,-0.02285398457349911,-0.004803594812326723
05_NORTHWOOLWICH,North Woolwich (Silvertown),143,-0.026046623074249427,-0.03507181795483562,-0.017021428193663236
05_NORTHWOOLWICH,North Woolwich (Silvertown),144,-0.03567449513819945,-0.04469969001878565,-0.026649300257613258
05_NORTHWOOLWICH,North Woolwich (Silvertown),145,-0.0400208272308728,-0.049046022111458996,-0.030995632350286607
05_NORTHWOOLWICH,North Woolwich (Silvertown),146,-0.04275891197400419,-0.05178410685459039,-0.033733717093418
05_NORTHWOOLWICH,North Woolwich (Silvertown),147,-0.04354554980594179,-0.05257074468652798,-0.034520354925355594
05_NORTHWOOLWICH,North Woolwich (Silvertown),148,-0.03841425963565744,-0.04743945451624364,-0.029389064755071248
05_NORTHWOOLWICH,North Woolwich (Silvertown),149,-0.030093105762397383,-0.03911830064298358,-0.02106791088181119
05_NORTHWOOLWICH,North Woolwich (Silvertown),150,-0.015123373975792272,-0.024148568856378463,-0.00609817909520608
05_NORTHWOOLWICH,North Woolwich (Silvertown),151,-0.001203206680129829,-0.010228401560716022,0.007821988200456364
05_NORTHWOOLWICH,North Woolwich (Silvertown),152,0.012899554550641264,0.0038743596700550713,0.021924749431227457
05_NORTHWOOLWICH,North Woolwich (Silvertown),153,0.019430145132588287,0.010404950252002094,0.028455340013174478
05_NORTHWOOLWICH,North Woolwich (Silvertown),154,0.02493658703806946,0.015911392157483266,0.033961781918655655
05_NORTHWOOLWICH,North Woolwich (Silvertown),155,0.02560119615332812,0.016576001272741926,0.034626391033914315
05_NORTHWOOLWICH,North Woolwich (Silvertown),156,0.02179858259710933,0.012773387716523138,0.030823777477695526
05_NORTHWOOLWICH,North Woolwich (Silvertown),157,0.015960137406274943,0.006934942525688751,0.024985332286861138
05_NORTHWOOLWICH,North Woolwich (Silvertown),158,0.009940813285104448,0.0009156184045182557,0.01896600816569064
05_NORTHWOOLWICH,North Woolwich (Silvertown),159,0.004809719271777455,-0.004215475608808738,0.013834914152363648
05_NORTHWOOLWICH,North Woolwich (Silvertown),160,0.0016838814418916677,-0.0073413134386945255,0.01070907632247786
05_NORTHWOOLWICH,North Woolwich (Silvertown),161,-0.0013296641102775127,-0.010354858990863705,0.0076955307703086805
05_NORTHWOOLWICH,North Woolwich (Silvertown),162,-0.0022740161640684977,-0.01129921104465469,0.006751178716517695
05_NORTHWOOLWICH,North Woolwich (Silvertown),163,0.003781558733853189,-0.005243636146733004,0.012806753614439382
05_NORTHWOOLWICH,North Woolwich (Silvertown),164,0.0073552636803312366,-0.0016699312002549562,0.01638045856091743
05_NORTHWOOLWICH,North Woolwich (Silvertown),165,0.012100849775112988,0.0030756548945267952,0.02112604465569918
05_NORTHWOOLWICH,North Woolwich (Silvertown),166,0.013152299231729211,0.004127104351143019,0.022177494112315406
05_NORTHWOOLWICH,North Woolwich (Silvertown),167,0.013670703177135837,0.004645508296549644,0.022695898057722028
05_NORTHWOOLWICH,North Woolwich (Silvertown),168,0.008798034649879504,-0.00022716023070668868,0.017823229530465695
05_NORTHWOOLWICH,North Woolwich (Silvertown),169,0.006929179771113557,-0.0020960151094726355,0.01595437465169975
05_NORTHWOOLWICH,North Woolwich (Silvertown),170,0.002500853858368646,-0.006524341022217547,0.011526048738954839
05_NORTHWOOLWICH,North Woolwich (Silvertown),171,-0.001350544109659763,-0.010375738990245955,0.00767465077092643
05_NORTHWOOLWICH,North Woolwich (Silvertown),172,-0.004734391641562017,-0.01375958652214821,0.004290803239024176
05_NORTHWOOLWICH,North Woolwich (Silvertown),173,-0.0049158378722795526,-0.013941032752865744,0.00410935700830664
05_NORTHWOOLWICH,North Woolwich (Silvertown),174,-0.004529490646562892,-0.013554685527149085,0.0044957042340233
05_NORTHWOOLWICH,North Woolwich (Silvertown),175,-0.005927607197000975,-0.014952802077587167,0.0030975876835852177
05_NORTHWOOLWICH,North Woolwich (Silvertown),176,-0.0024542927416745545,-0.011479487622260746,0.006570902138911638
05_NORTHWOOLWICH,North Woolwich (Silvertown),177,-0.0026579787978816675,-0.01168317367846786,0.006367216082704526
05_NORTHWOOLWICH,North Woolwich (Silvertown),178,-0.0013724896787110877,-0.010397684559297281,0.007652705201875105
05_NORTHWOOLWICH,North Woolwich (Silvertown),179,-0.0029525551017797313,-0.011977749982365924,0.0060726397788064615
05_NORTHWOOLWICH,North Woolwich (Silvertown),180,-0.003910640687643199,-0.012935835568229392,0.0051145541929429935
05_NORTHWOOLWICH,North Woolwich (Silvertown),181,-0.00877469053284774,-0.017799885413433934,0.00025050434773845297
05_NORTHWOOLWICH,North Woolwich (Silvertown),182,-0.012272733382767685,-0.021297928263353878,-0.003247538502181492
05_NORTHWOOLWICH,North Woolwich (Silvertown),183,-0.014427306873273933,-0.023452501753860128,-0.00540211199268774
05_NORTHWOOLWICH,North Woolwich (Silvertown),184,-0.015872238658120905,-0.024897433538707096,-0.0068470437775347125
05_NORTHWOOLWICH,North Woolwich (Silvertown),185,-0.014128822655636603,-0.023154017536222794,-0.0051036277750504105
05_NORTHWOOLWICH,North Woolwich (Silvertown),186,-0.012674377276429174,-0.021699572157015366,-0.0036491823958429807
05_NORTHWOOLWICH,North Woolwich (Silvertown),187,-0.00950204463125583,-0.01852723951184202,-0.00047684975066963724
05_NORTHWOOLWICH,North Woolwich (Silvertown),188,-0.008209062328654594,-0.017234257209240787,0.0008161325519315983
05_NORTHWOOLWICH,North Woolwich (Silvertown),189,-0.004519126214240117,-0.01354432109482631,0.004506068666346076
05_NORTHWOOLWICH,North Woolwich (Silvertown),190,-0.006784690884005201,-0.015809885764591393,0.002240503996580992
05_NORTHWOOLWICH,North Woolwich (Silvertown),191,-0.0042427418649297645,-0.013267936745515957,0.004782453015656428
05_NORTHWOOLWICH,North Woolwich (Silvertown),192,-0.007067924061070406,-0.0160931189416566,0.0019572708195157865
05_NORTHWOOLWICH,North Woolwich (Silvertown),193,-0.0078076686366822575,-0.01683286351726845,0.0012175262439039353
05_NORTHWOOLWICH,North Woolwich (Silvertown),194,-0.010417166001852213,-0.019442360882438406,-0.0013919711212660203
05_NORTHWOOLWICH,North Woolwich (Silvertown),195,-0.012235388037767251,-0.021260582918353442,-0.003210193157181058
05_NORTHWOOLWICH,North Woolwich (Silvertown),196,-0.014529671015035727,-0.023554865895621918,-0.005504476134449534
05_NORTHWOOLWICH,North Woolwich (Silvertown),197,-0.016276400359114068,-0.025301595239700263,-0.0072512054785278755
05_NORTHWOOLWICH,North Woolwich (Silvertown),198,-0.01476009989204581,-0.023785294772632002,-0.0057349050114596165
05_NORTHWOOLWICH,North Woolwich (Silvertown),199,-0.013415918623849754,-0.022441113504435947,-0.004390723743263561
05_NORTHWOOLWICH,North Woolwich (Silvertown),200,-0.009583151557897726,-0.01860834643848392,-0.0005579566773115333
05_NORTHWOOLWICH,North Woolwich (Silvertown),201,-0.007865263440019622,-0.016890458320605817,0.0011599314405665705
05_NORTHWOOLWICH,North Woolwich (Silvertown),202,-0.005964591467910287,-0.01498978634849648,0.003060603412675906
05_NORTHWOOLWICH,North Woolwich (Silvertown),203,-0.004279275066279505,-0.013304469946865698,0.0047459198143066875
05_NORTHWOOLWICH,North Woolwich (Silvertown),204,-0.003277560861042901,-0.012302755741629093,0.005747634019543292
05_NORTHWOOLWICH,North Woolwich (Silvertown),205,-0.0028308623248298526,-0.011856057205416045,0.0061943325557563406
05_NORTHWOOLWICH,North Woolwich (Silvertown),206,-0.0033386198246790327,-0.012363814705265225,0.00568657505590716
05_NORTHWOOLWICH,North Woolwich (Silvertown),207,-0.0012065134476010226,-0.010231708328187216,0.00781868143298517
05_NORTHWOOLWICH,North Woolwich (Silvertown),208,-0.0009459582748780962,-0.009971153155464289,0.008079236605708097
05_NORTHWOOLWICH,North Woolwich (Silvertown),209,-0.0013637471633382602,-0.010388942043924453,0.007661447717247933
05_NORTHWOOLWICH,North Woolwich (Silvertown),210,0.0010175729757038027,-0.00800762190488239,0.010042767856289995
05_NORTHWOOLWICH,North Woolwich (Silvertown),211,0.0011911924776921697,-0.007834002402894023,0.010216387358278362
05_NORTHWOOLWICH,North Woolwich (Silvertown),212,0.002411569486858183,-0.00661362539372801,0.011436764367444376
05_NORTHWOOLWICH,North Woolwich (Silvertown),213,0.0037623066121306643,-0.005262888268455529,0.012787501492716857
05_NORTHWOOLWICH,North Woolwich (Silvertown),214,0.002499276340476191,-0.006525918540110002,0.011524471221062383
05_NORTHWOOLWICH,North Woolwich (Silvertown),215,0.001140298519360192,-0.007884896361226001,0.010165493399946384
05_NORTHWOOLWICH,North Woolwich (Silvertown),216,-0.00036897155315496525,-0.009394166433741158,0.008656223327431227
05_NORTHWOOLWICH,North Woolwich (Silvertown),217,-0.001814804054556988,-0.010839998935143182,0.007210390826029205
05_NORTHWOOLWICH,North Woolwich (Silvertown),218,-0.004830032255771807,-0.013855227136357999,0.004195162624814386
05_NORTHWOOLWICH,North Woolwich (Silvertown),219,-0.0049677891317663125,-0.013992984012352504,0.00405740574881988
05_NORTHWOOLWICH,North Woolwich (Silvertown),220,-0.0030223276608190913,-0.012047522541405283,0.0060028672197671015
05_NORTHWOOLWICH,North Woolwich (Silvertown),221,-0.0020403062537835,-0.011065501134369693,0.006984888626802693
05_NORTHWOOLWICH,North Woolwich (Silvertown),222,0.0005258828543954168,-0.008499312026190775,0.00955107773498161
05_NORTHWOOLWICH,North Woolwich (Silvertown),223,0.004647381520827624,-0.004377813359758569,0.013672576401413818
05_NORTHWOOLWICH,North Woolwich (Silvertown),224,0.005994317857309233,-0.0030308770232769598,0.015019512737895426
05_NORTHWOOLWICH,North Woolwich (Silvertown),225,0.008951304186628857,-7.38906939573361e-05,0.01797649906721505
05_NORTHWOOLWICH,North Woolwich (Silvertown),226,0.012884097800841831,0.003858902920255638,0.021909292681428022
05_NORTHWOOLWICH,North Woolwich (Silvertown),227,0.013143249384384492,0.004118054503798299,0.022168444264970687
05_NORTHWOOLWICH,North Woolwich (Silvertown),228,0.013936575852537951,0.004911380971951759,0.022961770733124144
05_NORTHWOOLWICH,North Woolwich (Silvertown),229,0.012760127276359839,0.0037349323957736463,0.021785322156946032
05_NORTHWOOLWICH,North Woolwich (Silvertown),230,0.011084318926537185,0.002059124045950992,0.020109513807123378
05_NORTHWOOLWICH,North Woolwich (Silvertown),231,0.009091743279029106,6.654839844291369e-05,0.0181169381596153
05_NORTHWOOLWICH,North Woolwich (Silvertown),232,0.005699293915785475,-0.003325900964800718,0.014724488796371667
05_NORTHWOOLWICH,North Woolwich (Silvertown),233,0.004961966859642876,-0.004063228020943317,0.013987161740229069
05_NORTHWOOLWICH,North Woolwich (Silvertown),234,0.003440742161072034,-0.0055844527195141585,0.012465937041658227
05_NORTHWOOLWICH,North Woolwich (Silvertown),235,0.003243560082488072,-0.005781634798098121,0.012268754963074264
05_NORTHWOOLWICH,North Woolwich (Silvertown),236,0.003344584226143217,-0.005680610654442976,0.01236977910672941
05_NORTHWOOLWICH,North Woolwich (Silvertown),237,0.0036127066174447787,-0.005412488263141414,0.01263790149803097
05_NORTHWOOLWICH,North Woolwich (Silvertown),238,0.006727677025270068,-0.002297517855316125,0.01575287190585626
05_NORTHWOOLWICH,North Woolwich (Silvertown),239,0.008077710140124223,-0.0009474847404619697,0.017102905020710414
05_NORTHWOOLWICH,North Woolwich (Silvertown),240,0.00927116405327714,0.000245969172690947,0.018296358933863333
05_NORTHWOOLWICH,North Woolwich (Silvertown),241,0.006513993412457256,-0.002511201468128937,0.01553918829304345
05_NORTHWOOLWICH,North Woolwich (Silvertown),242,0.006887366821054819,-0.0021378280595313734,0.01591256170164101
05_NORTHWOOLWICH,North Woolwich (Silvertown),243,0.0057211067047838555,-0.0033040881758023373,0.014746301585370047
05_NORTHWOOLWICH,North Woolwich (Silvertown),244,0.005246594514459487,-0.0037786003661267054,0.01427178939504568
05_NORTHWOOLWICH,North Woolwich (Silvertown),245,0.004890629633800935,-0.004134565246785258,0.013915824514387127
05_NORTHWOOLWICH,North Woolwich (Silvertown),246,0.00456641288085574,-0.004458781999730453,0.013591607761441932
05_NORTHWOOLWICH,North Woolwich (Silvertown),247,0.005321229873260975,-0.0037039650073252177,0.014346424753847169
05_NORTHWOOLWICH,North Woolwich (Silvertown),248,0.005074688077482825,-0.003950506803103368,0.014099882958069018
05_NORTHWOOLWICH,North Woolwich (Silvertown),249,0.002887331335052283,-0.00613786354553391,0.011912526215638475
05_NORTHWOOLWICH,North Woolwich (Silvertown),250,0.0007481865789919849,-0.008277008301594209,0.009773381459578177
05_NORTHWOOLWICH,North Woolwich (Silvertown),251,0.0019770981997482844,-0.007048096680837909,0.011002293080334477
05_NORTHWOOLWICH,North Woolwich (Silvertown),252,0.00058645344833823,-0.008438741432247963,0.009611648328924423
05_NORTHWOOLWICH,North Woolwich (Silvertown),253,-0.0010970064696587739,-0.010122201350244966,0.00792818841092742
05_NORTHWOOLWICH,North Woolwich (Silvertown),254,-0.004229648546414567,-0.01325484342700076,0.004795546334171626
05_NORTHWOOLWICH,North Woolwich (Silvertown),255,-0.004320291695996322,-0.013345486576582515,0.004704903184589871
05_NORTHWOOLWICH,North Woolwich (Silvertown),256,-0.006722800748458401,-0.015747995629044595,0.0023023941321277915
05_NORTHWOOLWICH,North Woolwich (Silvertown),257,-0.007296027546697396,-0.016321222427283587,0.001729167333888797
05_NORTHWOOLWICH,North Woolwich (Silvertown),258,-0.007245329797021799,-0.016270524677607992,0.0017798650835643935
05_NORTHWOOLWICH,North Woolwich (Silvertown),259,-0.006379762669172378,-0.01540495754975857,0.002645432211413815
05_NORTHWOOLWICH,North Woolwich (Silvertown),260,-0.004966168816298727,-0.013991363696884921,0.004059026064287465
05_NORTHWOOLWICH,North Woolwich (Silvertown),261,-0.004177571682734122,-0.013202766563320315,0.00484762319785207
05_NORTHWOOLWICH,North Woolwich (Silvertown),262,-0.0023043356483592454,-0.011329530528945439,0.006720859232226947
05_NORTHWOOLWICH,North Woolwich (Silvertown),263,-0.0009458022889205469,-0.009970997169506739,0.008079392591665647
05_NORTHWOOLWICH,North Woolwich (Silvertown),264,-6.738370800581633e-05,-0.009092578588592009,0.008957811172580377
05_NORTHWOOLWICH,North Woolwich (Silvertown),265,-0.0002825394016814597,-0.009307734282267652,0.008742655478904734
05_NORTHWOOLWICH,North Woolwich (Silvertown),266,0.002712537287940725,-0.006312657592645468,0.011737732168526919
05_NORTHWOOLWICH,North Woolwich (Silvertown),267,0.002608991150609879,-0.006416203729976314,0.011634186031196071
05_NORTHWOOLWICH,North Woolwich (Silvertown),268,-0.011872174790173579,-0.020897369670759773,-0.002846979909587386
05_NORTHWOOLWICH,North Woolwich (Silvertown),269,0.0026564810444878683,-0.006368713836098324,0.011681675925074061
05_NORTHWOOLWICH,North Woolwich (Silvertown),270,-0.003529528370481015,-0.012554723251067207,0.005495666510105178
05_NORTHWOOLWICH,North Woolwich (Silvertown),271,-0.0027551493703137434,-0.011780344250899936,0.006270045510272449
05_NORTHWOOLWICH,North Woolwich (Silvertown),272,0.0013316677846529025,-0.00769352709593329,0.010356862665239094
05_NORTHWOOLWICH,North Woolwich (Silvertown),273,0.0043427304695056405,-0.004682464411080552,0.013367925350091833
05_NORTHWOOLWICH,North Woolwich (Silvertown),274,0.00439005558322898,-0.0046351392973572126,0.013415250463815174
05_NORTHWOOLWICH,North Woolwich (Silvertown),275,0.00533392493449448,-0.0036912699460917124,0.014359119815080673
05_NORTHWOOLWICH,North Woolwich (Silvertown),276,0.006578935501673638,-0.002446259378912555,0.01560413038225983
05_NORTHWOOLWICH,North Woolwich (Silvertown),277,0.00440422533066591,-0.004620969549920283,0.013429420211252104
05_NORTHWOOLWICH,North Woolwich (Silvertown),278,0.004068652305416412,-0.004956542575169781,0.013093847186002604
05_NORTHWOOLWICH,North Woolwich (Silvertown),279,0.003973412466816472,-0.005051782413769721,0.012998607347402664
05_NORTHWOOLWICH,North Woolwich (Silvertown),280,-0.004712121245339503,-0.013737316125925696,0.00431307363524669
05_NORTHWOOLWICH,North Woolwich (Silvertown),281,0.011357612272202383,0.0023324173916161907,0.020382807152788576
05_NORTHWOOLWICH,North Woolwich (Silvertown),282,-0.003459200525509244,-0.012484395406095437,0.005565994355076948
05_NORTHWOOLWICH,North Woolwich (Silvertown),283,0.0023383767642269617,-0.006686818116359231,0.011363571644813154
05_NORTHWOOLWICH,North Woolwich (Silvertown),284,0.0008818956622257303,-0.008143299218360463,0.009907090542811922
05_NORTHWOOLWICH,North Woolwich (Silvertown),285,0.002399726019691889,-0.006625468860894304,0.011424920900278083
05_NORTHWOOLWICH,North Woolwich (Silvertown),286,0.004023379841400466,-0.0050018150391857264,0.013048574721986658
05_NORTHWOOLWICH,North Woolwich (Silvertown),287,0.005603680846415979,-0.003421514034170214,0.014628875727002172
05_NORTHWOOLWICH,North Woolwich (Silvertown),288,0.005069083062610892,-0.003956111817975301,0.014094277943197085
01_RICHMOND,Richmond Lock,0,1.0,1.0,1.0
01_RICHMOND,Richmond Lock,1,0.9082653849796383,0.8995904299333383,0.9169403400259383
01_RICHMOND,Richmond Lock,2,0.4209773117630807,0.4123023567167807,0.4296522668093806
01_RICHMOND,Richmond Lock,3,0.2585175141003498,0.24984255905404984,0.26719246914664974
01_RICHMOND,Richmond Lock,4,-0.09376586071893055,-0.10244081576523051,-0.08509090567263058
01_RICHMOND,Richmond Lock,5,-0.07710556458193052,-0.08578051962823048,-0.06843060953563056
01_RICHMOND,Richmond Lock,6,-0.13671583836137152,-0.14539079340767147,-0.12804088331507157
01_RICHMOND,Richmond Lock,7,-0.1940845038772483,-0.20275945892354824,-0.18540954883094835
01_RICHMOND,Richmond Lock,8,-0.16548497281456467,-0.17415992786086462,-0.15681001776826473
01_RICHMOND,Richmond Lock,9,-0.13541109429032913,-0.14408604933662908,-0.12673613924402918
01_RICHMOND,Richmond Lock,10,-0.08780469956924228,-0.09647965461554224,-0.07912974452294232
01_RICHMOND,Richmond Lock,11,-0.06005491705577678,-0.06872987210207673,-0.05137996200947682
01_RICHMOND,Richmond Lock,12,-0.06362620797585623,-0.0723011630221562,-0.05495125292955627
01_RICHMOND,Richmond Lock,13,-0.04527845382032885,-0.053953408866628805,-0.036603498774028895
01_RICHMOND,Richmond Lock,14,-0.04717897317680289,-0.05585392822310285,-0.03850401813050293
01_RICHMOND,Richmond Lock,15,-0.02307869175927099,-0.031753646805570954,-0.014403736712971033
01_RICHMOND,Richmond Lock,16,-0.026729100679944644,-0.0354040557262446,-0.018054145633644686
01_RICHMOND,Richmond Lock,17,-0.007582741602022281,-0.016257696648322238,0.0010922134442776779
01_RICHMOND,Richmond Lock,18,-0.004367971024751607,-0.013042926071051565,0.0043069840215483515
01_RICHMOND,Richmond Lock,19,0.00519131295303547,-0.0034836420932644885,0.013866267999335428
01_RICHMOND,Richmond Lock,20,-3.784006535659344e-05,-0.008712795111656553,0.008637114980943364
01_RICHMOND,Richmond Lock,21,0.00013393332011012057,-0.008541021726189839,0.008808888366410078
01_RICHMOND,Richmond Lock,22,-0.001760492101437099,-0.010435447147737057,0.0069144629448628595
01_RICHMOND,Richmond Lock,23,0.0035238468593826824,-0.0051511081869172765,0.01219880190568264
01_RICHMOND,Richmond Lock,24,-0.0036678662633451895,-0.012342821309645148,0.0050070887829547685
01_RICHMOND,Richmond Lock,25,-0.01765936331953652,-0.026334318365836478,-0.008984408273236561
01_RICHMOND,Richmond Lock,26,-0.019345765675016818,-0.028020720721316776,-0.01067081062871686
01_RICHMOND,Richmond Lock,27,-0.01896768997959999,-0.02764264502589995,-0.010292734933300032
01_RICHMOND,Richmond Lock,28,-0.027445405553733395,-0.036120360600033354,-0.018770450507433437
01_RICHMOND,Richmond Lock,29,-0.03654148583695553,-0.04521644088325549,-0.027866530790655573
01_RICHMOND,Richmond Lock,30,-0.03661273788217202,-0.045287692928471984,-0.027937782835872064
01_RICHMOND,Richmond Lock,31,-0.02916507179256296,-0.03784002683886292,-0.020490116746263002
01_RICHMOND,Richmond Lock,32,-0.018483099473443006,-0.027158054519742965,-0.009808144427143048
01_RICHMOND,Richmond Lock,33,-0.02549272169515214,-0.0341676767414521,-0.01681776664885218
01_RICHMOND,Richmond Lock,34,-0.019825198033138525,-0.028500153079438484,-0.011150242986838567
01_RICHMOND,Richmond Lock,35,-0.018698273494099343,-0.0273732285403993,-0.010023318447799384
01_RICHMOND,Richmond Lock,36,0.0007709109446854131,-0.007904044101614546,0.009445865990985371
01_RICHMOND,Richmond Lock,37,-0.010128707909778593,-0.018803662956078552,-0.001453752863478635
01_RICHMOND,Richmond Lock,38,0.015731485095648996,0.007056530049349037,0.024406440141948954
01_RICHMOND,Richmond Lock,39,0.003935182002746363,-0.004739773043553596,0.012610137049046321
01_RICHMOND,Richmond Lock,40,-0.003825078169384783,-0.012500033215684742,0.004849876876915175
01_RICHMOND,Richmond Lock,41,0.021786296825250948,0.013111341778950989,0.030461251871550906
01_RICHMOND,Richmond Lock,42,0.015832945353621106,0.007157990307321147,0.024507900399921064
01_RICHMOND,Richmond Lock,43,0.0030765865876548272,-0.005598368458645132,0.011751541633954785
01_RICHMOND,Richmond Lock,44,0.12326632060983189,0.11459136556353193,0.13194127565613184
01_RICHMOND,Richmond Lock,45,-0.031368500846542025,-0.040043455892841986,-0.022693545800242066
01_RICHMOND,Richmond Lock,46,0.033577025865897954,0.024902070819597995,0.04225198091219791
01_RICHMOND,Richmond Lock,47,0.005064375550123082,-0.0036105794961768765,0.01373933059642304
01_RICHMOND,Richmond Lock,48,0.02411395168132072,0.015438996635020762,0.03278890672762068
01_RICHMOND,Richmond Lock,49,0.1393051700228019,0.13063021497650196,0.14798012506910185
01_RICHMOND,Richmond Lock,50,0.10050603920479594,0.09183108415849597,0.1091809942510959
01_RICHMOND,Richmond Lock,51,-0.05352286219854123,-0.06219781724484119,-0.04484790715224127
01_RICHMOND,Richmond Lock,52,0.09930533377557413,0.09063037872927417,0.10798028882187409
01_RICHMOND,Richmond Lock,53,0.002425257103845183,-0.006249697942454776,0.011100212150145141
01_RICHMOND,Richmond Lock,54,0.02276208608486375,0.01408713103856379,0.031437041131163704
01_RICHMOND,Richmond Lock,55,0.315041358656648,0.30636640361034806,0.32371631370294796
01_RICHMOND,Richmond Lock,56,-0.0772829205693427,-0.08595787561564266,-0.06860796552304274
01_RICHMOND,Richmond Lock,57,0.003296066272978773,-0.005378888773321185,0.011971021319278732
01_RICHMOND,Richmond Lock,58,0.059427643429494914,0.05075268838319495,0.06810259847579488
01_RICHMOND,Richmond Lock,59,0.09436981127161434,0.08569485622531438,0.1030447663179143
01_RICHMOND,Richmond Lock,60,0.0841211668354523,0.07544621178915234,0.09279612188175226
01_RICHMOND,Richmond Lock,61,0.10736670391345257,0.09869174886715261,0.11604165895975253
01_RICHMOND,Richmond Lock,62,0.1114946183201155,0.10281966327381553,0.12016957336641546
01_RICHMOND,Richmond Lock,63,0.099876266401051,0.09120131135475104,0.10855122144735097
01_RICHMOND,Richmond Lock,64,0.08575680874767487,0.07708185370137491,0.09443176379397483
01_RICHMOND,Richmond Lock,65,0.07555577291109747,0.0668808178647975,0.08423072795739743
01_RICHMOND,Richmond Lock,66,0.07694671199479027,0.0682717569484903,0.08562166704109023
01_RICHMOND,Richmond Lock,67,0.07352680877379954,0.06485185372749958,0.0822017638200995
01_RICHMOND,Richmond Lock,68,0.06269281573953273,0.054017860693232764,0.07136777078583269
01_RICHMOND,Richmond Lock,69,0.06365354596894575,0.05497859092264579,0.07232850101524571
01_RICHMOND,Richmond Lock,70,0.04470525789905144,0.03603030285275148,0.053380212945351405
01_RICHMOND,Richmond Lock,71,0.04885369885215137,0.040178743805851416,0.057528653898451326
01_RICHMOND,Richmond Lock,72,0.04600436758336618,0.03732941253706622,0.05467932262966614
01_RICHMOND,Richmond Lock,73,0.020326740390633053,0.011651785344333095,0.02900169543693301
01_RICHMOND,Richmond Lock,74,0.004226132120344165,-0.004448822925955794,0.012901087166644124
01_RICHMOND,Richmond Lock,75,-0.0013688257787253517,-0.01004378082502531,0.007306129267574606
01_RICHMOND,Richmond Lock,76,-0.008928021175248003,-0.01760297622154796,-0.00025306612894804466
01_RICHMOND,Richmond Lock,77,-0.021815557109168875,-0.030490512155468833,-0.013140602062868916
01_RICHMOND,Richmond Lock,78,-0.021825899001373505,-0.030500854047673463,-0.013150943955073546
01_RICHMOND,Richmond Lock,79,-0.02634694678590862,-0.035021901832208574,-0.01767199173960866
01_RICHMOND,Richmond Lock,80,-0.017412967570507767,-0.026087922616807726,-0.008738012524207809
01_RICHMOND,Richmond Lock,81,-0.01683882226663939,-0.02551377731293935,-0.008163867220339432
01_RICHMOND,Richmond Lock,82,-0.012817693797617498,-0.021492648843917456,-0.004142738751317539
01_RICHMOND,Richmond Lock,83,-0.007731360536807367,-0.016406315583107324,0.0009435945094925912
01_RICHMOND,Richmond Lock,84,0.011446627051429821,0.002771672005129863,0.02012158209772978
01_RICHMOND,Richmond Lock,85,0.018911162874353023,0.010236207828053064,0.02758611792065298
01_RICHMOND,Richmond Lock,86,0.009433195279461178,0.0007582402331612198,0.018108150325761137
01_RICHMOND,Richmond Lock,87,0.0034011121703946337,-0.005273842875905325,0.012076067216694592
01_RICHMOND,Richmond Lock,88,0.0309914497351644,0.02231649468886444,0.039666404781464354
01_RICHMOND,Richmond Lock,89,0.009101438617592366,0.00042648357129240755,0.017776393663892325
01_RICHMOND,Richmond Lock,90,0.01061842903243898,0.0019434739861390223,0.01929338407873894
01_RICHMOND,Richmond Lock,91,0.0045582194370854786,-0.00411673560921448,0.013233174483385436
01_RICHMOND,Richmond Lock,92,0.023007882290686843,0.014332927244386885,0.031682837336986805
01_RICHMOND,Richmond Lock,93,0.014783197715415312,0.006108242669115353,0.02345815276171527
01_RICHMOND,Richmond Lock,94,0.020866457662064346,0.012191502615764387,0.029541412708364304
01_RICHMOND,Richmond Lock,95,-0.0008787380406274197,-0.009553693086927379,0.007796217005672539
01_RICHMOND,Richmond Lock,96,0.041934053585546756,0.0332590985392468,0.05060900863184671
01_RICHMOND,Richmond Lock,97,-0.03406638500261578,-0.042741340048915735,-0.025391429956315822
01_RICHMOND,Richmond Lock,98,-0.015493707988977479,-0.024168663035277437,-0.00681875294267752
01_RICHMOND,Richmond Lock,99,0.13742340074128614,0.1287484456949862,0.1460983557875861
01_RICHMOND,Richmond Lock,100,-0.06036247768949326,-0.06903743273579321,-0.051687522643193304
01_RICHMOND,Richmond Lock,101,-0.020781683310934884,-0.029456638357234843,-0.012106728264634926
01_RICHMOND,Richmond Lock,102,-0.045514907699132835,-0.05418986274543279,-0.03683995265283288
01_RICHMOND,Richmond Lock,103,-9.504739778672228e-05,-0.008770002444086681,0.008579907648513236
01_RICHMOND,Richmond Lock,104,0.02724990664696191,0.01857495160066195,0.03592486169326187
01_RICHMOND,Richmond Lock,105,0.031516394831336135,0.022841439785036177,0.04019134987763609
01_RICHMOND,Richmond Lock,106,-0.03094716447199677,-0.03962211951829673,-0.022272209425696812
01_RICHMOND,Richmond Lock,107,-0.05788741266904666,-0.06656236771534661,-0.0492124576227467
01_RICHMOND,Richmond Lock,108,-0.007090580297729676,-0.015765535344029635,0.0015843747485702825
01_RICHMOND,Richmond Lock,109,0.0007199110064635829,-0.007955044039836375,0.009394866052763542
01_RICHMOND,Richmond Lock,110,0.015552304059940463,0.006877349013640505,0.02422725910624042
01_RICHMOND,Richmond Lock,111,-0.031579892442710485,-0.04025484748901044,-0.022904937396410526
01_RICHMOND,Richmond Lock,112,-0.01910189748542247,-0.027776852531722428,-0.01042694243912251
01_RICHMOND,Richmond Lock,113,-0.00102188750174692,-0.00969684254804688,0.0076530675445530385
01_RICHMOND,Richmond Lock,114,-0.027180179625997634,-0.03585513467229759,-0.018505224579697676
01_RICHMOND,Richmond Lock,115,-0.007509169030527887,-0.016184124076827844,0.0011657860157720714
01_RICHMOND,Richmond Lock,116,-0.03710945884916915,-0.04578441389546911,-0.02843450380286919
01_RICHMOND,Richmond Lock,117,-0.011537111605202544,-0.020212066651502502,-0.002862156558902585
01_RICHMOND,Richmond Lock,118,-0.000718716837363177,-0.009393671883663135,0.007956238208936782
01_RICHMOND,Richmond Lock,119,-0.006884910970866319,-0.015559866017166277,0.0017900440754336396
01_RICHMOND,Richmond Lock,120,-0.02316484282146525,-0.03183979786776521,-0.014489887775165293
01_RICHMOND,Richmond Lock,121,-0.012116297474004212,-0.02079125252030417,-0.003441342427704254
01_RICHMOND,Richmond Lock,122,-0.027016665946603055,-0.03569162099290302,-0.018341710900303097
01_RICHMOND,Richmond Lock,123,-0.00823834819959525,-0.016913303245895208,0.0004366068467047089
01_RICHMOND,Richmond Lock,124,-0.013601833618931814,-0.02227678866523177,-0.004926878572631856
01_RICHMOND,Richmond Lock,125,-0.009718700253718696,-0.018393655300018654,-0.0010437452074187371
01_RICHMOND,Richmond Lock,126,0.005347396976210246,-0.0033275580700897122,0.014022352022510204
01_RICHMOND,Richmond Lock,127,0.007054200139344281,-0.0016207549069556775,0.015729155185644238
01_RICHMOND,Richmond Lock,128,0.009685553134274796,0.0010105980879748372,0.018360508180574754
01_RICHMOND,Richmond Lock,129,0.014473091175316402,0.005798136129016444,0.023148046221616363
01_RICHMOND,Richmond Lock,130,0.025359803182649913,0.016684848136349954,0.03403475822894987
01_RICHMOND,Richmond Lock,131,0.045490995500211004,0.03681604045391104,0.054165950546510966
01_RICHMOND,Richmond Lock,132,0.03551345065703753,0.026838495610737572,0.044188405703337486
01_RICHMOND,Richmond Lock,133,0.041413632811924166,0.03273867776562421,0.05008858785822412
01_RICHMOND,Richmond Lock,134,0.04632647625489726,0.0376515212085973,0.05500143130119722
01_RICHMOND,Richmond Lock,135,0.0522300511660578,0.043555096119757844,0.060905006212357754
01_RICHMOND,Richmond Lock,136,0.04403077850769492,0.03535582346139496,0.05270573355399488
01_RICHMOND,Richmond Lock,137,0.03408015562038325,0.025405200574083294,0.04275511066668321
01_RICHMOND,Richmond Lock,138,0.037117351936184456,0.028442396889884498,0.04579230698248442
01_RICHMOND,Richmond Lock,139,0.03375069483422854,0.02507573978792858,0.04242564988052849
01_RICHMOND,Richmond Lock,140,0.05547811378952119,0.04680315874322123,0.06415306883582114
01_RICHMOND,Richmond Lock,141,0.02875446844161341,0.020079513395313452,0.037429423487913366
01_RICHMOND,Richmond Lock,142,0.03873822878144461,0.03006327373514465,0.047413183827744565
01_RICHMOND,Richmond Lock,143,0.10189322091369762,0.09321826586739766,0.11056817595999759
01_RICHMOND,Richmond Lock,144,0.032685940464141826,0.024010985417841867,0.04136089551044178
01_RICHMOND,Richmond Lock,145,0.02952727988325963,0.02085232483695967,0.038202234929559584
01_RICHMOND,Richmond Lock,146,0.028343805259599657,0.0196688502132997,0.037018760305899616
01_RICHMOND,Richmond Lock,147,0.036998221928595525,0.028323266882295566,0.04567317697489548
01_RICHMOND,Richmond Lock,148,-0.005083829335048618,-0.013758784381348577,0.0035911257112513405
01_RICHMOND,Richmond Lock,149,-0.018277508393768918,-0.026952463440068877,-0.00960255334746896
01_RICHMOND,Richmond Lock,150,0.01546246305914305,0.006787508012843092,0.02413741810544301
01_RICHMOND,Richmond Lock,151,0.013733004526837228,0.00505804948053727,0.02240795957313719
01_RICHMOND,Richmond Lock,152,-0.009355751331115224,-0.018030706377415183,-0.000680796284815266
01_RICHMOND,Richmond Lock,153,-0.035548920615019367,-0.04422387566131933,-0.026873965568719408
01_RICHMOND,Richmond Lock,154,0.034201753861639324,0.025526798815339365,0.04287670890793928
01_RICHMOND,Richmond Lock,155,-0.06415686159242263,-0.0728318166387226,-0.05548190654612267
01_RICHMOND,Richmond Lock,156,-0.017369086301505576,-0.026044041347805535,-0.008694131255205618
01_RICHMOND,Richmond Lock,157,-0.01721386489644712,-0.02588881994274708,-0.008538909850147162
01_RICHMOND,Richmond Lock,158,-0.023277942042027273,-0.03195289708832723,-0.014602986995727315
01_RICHMOND,Richmond Lock,159,0.02679871407707034,0.018123759030770382,0.0354736691233703
01_RICHMOND,Richmond Lock,160,0.0027842942608854488,-0.00589066078541451,0.011459249307185407
01_RICHMOND,Richmond Lock,161,-0.011845661844668776,-0.020520616890968735,-0.003170706798368818
01_RICHMOND,Richmond Lock,162,-0.017408573058549558,-0.026083528104849516,-0.0087336180122496
01_RICHMOND,Richmond Lock,163,0.012812975655040474,0.0041380206087405155,0.021487930701340432
01_RICHMOND,Richmond Lock,164,0.010697285877198317,0.002022330830898358,0.019372240923498277
01_RICHMOND,Richmond Lock,165,0.020814275232926387,0.012139320186626428,0.029489230279226345
01_RICHMOND,Richmond Lock,166,-0.012472054388544568,-0.021147009434844526,-0.0037970993422446093
01_RICHMOND,Richmond Lock,167,-0.008730469045165978,-0.017405424091465935,-5.55139988660195e-05
01_RICHMOND,Richmond Lock,168,0.0030571462921308522,-0.005617808754169106,0.011732101338430811
01_RICHMOND,Richmond Lock,169,0.0028723941763335002,-0.005802560869966458,0.011547349222633459
01_RICHMOND,Richmond Lock,170,0.010287782185286335,0.001612827138986377,0.018962737231586292
01_RICHMOND,Richmond Lock,171,0.013925662222996805,0.005250707176696847,0.022600617269296762
01_RICHMOND,Richmond Lock,172,0.016209437389411458,0.0075344823431115,0.024884392435711417
01_RICHMOND,Richmond Lock,173,0.0011923135724652236,-0.007482641473834735,0.009867268618765182
01_RICHMOND,Richmond Lock,174,0.015624632755905792,0.006949677709605834,0.02429958780220575
01_RICHMOND,Richmond Lock,175,0.003725352831423354,-0.004949602214876604,0.012400307877723313
01_RICHMOND,Richmond Lock,176,-7.450995253705362e-05,-0.008749464998837012,0.008600445093762905
01_RICHMOND,Richmond Lock,177,-0.002257369988641545,-0.010932325034941504,0.006417585057658414
01_RICHMOND,Richmond Lock,178,-0.005672942207014259,-0.014347897253314219,0.003002012839285699
01_RICHMOND,Richmond Lock,179,0.010170470472242366,0.0014955154259424074,0.018845425518542326
01_RICHMOND,Richmond Lock,180,0.0024075710225574375,-0.006267384023742521,0.011082526068857396
01_RICHMOND,Richmond Lock,181,-0.001417070518268406,-0.010092025564568365,0.0072578845280315525
01_RICHMOND,Richmond Lock,182,0.011300485989055082,0.002625530942755123,0.019975441035355042
01_RICHMOND,Richmond Lock,183,0.01365847890439137,0.004983523858091412,0.02233343395069133
01_RICHMOND,Richmond Lock,184,0.01974780782662539,0.01107285278032543,0.028422762872925347
01_RICHMOND,Richmond Lock,185,-0.0004227661074700864,-0.009097721153770045,0.008252188938829872
01_RICHMOND,Richmond Lock,186,-0.00914434720945627,-0.01781930225575623,-0.00046939216315631214
01_RICHMOND,Richmond Lock,187,0.009054561781436744,0.00037960673513678586,0.017729516827736703
01_RICHMOND,Richmond Lock,188,-0.015498430080022517,-0.024173385126322475,-0.0068234750337225585
01_RICHMOND,Richmond Lock,189,0.001412772950246872,-0.007262182096053086,0.01008772799654683
01_RICHMOND,Richmond Lock,190,0.015668234210412975,0.006993279164113016,0.024343189256712933
01_RICHMOND,Richmond Lock,191,-0.007849118383272529,-0.01652407342957249,0.0008258366630274298
01_RICHMOND,Richmond Lock,192,-0.022355596794834457,-0.031030551841134416,-0.013680641748534499
01_RICHMOND,Richmond Lock,193,0.0015235325090321907,-0.007151422537267768,0.01019848755533215
01_RICHMOND,Richmond Lock,194,-0.0014892765754274681,-0.010164231621727426,0.00718567847087249
01_RICHMOND,Richmond Lock,195,0.001643997979928354,-0.007030957066371604,0.010318953026228313
01_RICHMOND,Richmond Lock,196,-0.02666036514989538,-0.03533532019619534,-0.01798541010359542
01_RICHMOND,Richmond Lock,197,-0.012201390841098307,-0.020876345887398264,-0.0035264357947983483
01_RICHMOND,Richmond Lock,198,-0.028508482634803885,-0.03718343768110384,-0.019833527588503926
01_RICHMOND,Richmond Lock,199,0.002645579049635094,-0.006029375996664864,0.011320534095935052
01_RICHMOND,Richmond Lock,200,-0.013412744960758696,-0.022087700007058654,-0.004737789914458737
01_RICHMOND,Richmond Lock,201,0.03298358319182364,0.02430862814552368,0.0416585382381236
01_RICHMOND,Richmond Lock,202,-0.007937151682125,-0.01661210672842496,0.000737803364174958
01_RICHMOND,Richmond Lock,203,-0.02131839209680434,-0.0299933471431043,-0.012643437050504382
01_RICHMOND,Richmond Lock,204,-0.03179341513630942,-0.040468370182609376,-0.023118460090009462
01_RICHMOND,Richmond Lock,205,0.021602412006630826,0.012927456960330867,0.030277367052930784
01_RICHMOND,Richmond Lock,206,0.026558964442918366,0.017884009396618408,0.03523391948921832
01_RICHMOND,Richmond Lock,207,-0.018044359358454224,-0.026719314404754183,-0.009369404312154266
01_RICHMOND,Richmond Lock,208,-0.015481512806620343,-0.0241564678529203,-0.006806557760320384
01_RICHMOND,Richmond Lock,209,0.08882098546961777,0.0801460304233178,0.09749594051591773
01_RICHMOND,Richmond Lock,210,-0.04030141108902088,-0.048976366135320845,-0.03162645604272092
01_RICHMOND,Richmond Lock,211,-0.040945333407200926,-0.04962028845350089,-0.032270378360900964
01_RICHMOND,Richmond Lock,212,-0.03746462795944844,-0.0461395830057484,-0.02878967291314848
01_RICHMOND,Richmond Lock,213,-0.03100986235836825,-0.03968481740466821,-0.022334907312068292
01_RICHMOND,Richmond Lock,214,-0.03425301455743877,-0.04292796960373872,-0.02557805951113881
01_RICHMOND,Richmond Lock,215,-0.019329339858061356,-0.028004294904361314,-0.010654384811761397
01_RICHMOND,Richmond Lock,216,-0.02300493503117855,-0.03167989007747851,-0.014329979984878592
01_RICHMOND,Richmond Lock,217,-0.011086039372361694,-0.01976099441866165,-0.0024110843260617357
01_RICHMOND,Richmond Lock,218,-0.03892980057053484,-0.047604755616834804,-0.030254845524234884
01_RICHMOND,Richmond Lock,219,-0.022471883509269,-0.03114683855556896,-0.013796928462969042
01_RICHMOND,Richmond Lock,220,-0.002374598343677547,-0.011049553389977505,0.006300356702622412
01_RICHMOND,Richmond Lock,221,-0.005154257544698446,-0.013829212590998403,0.0035206975016015126
01_RICHMOND,Richmond Lock,222,-0.005141326828397866,-0.013816281874697824,0.0035336282179020927
01_RICHMOND,Richmond Lock,223,-0.0023793479493271464,-0.011054302995627105,0.006295607096972812
01_RICHMOND,Richmond Lock,224,-0.018861413913610087,-0.027536368959910046,-0.010186458867310129
01_RICHMOND,Richmond Lock,225,0.015135178721087356,0.006460223674787397,0.023810133767387314
01_RICHMOND,Richmond Lock,226,-0.01030459684949771,-0.01897955189579767,-0.0016296418031977507
01_RICHMOND,Richmond Lock,227,-0.01326893801076002,-0.02194389305705998,-0.004593982964460062
01_RICHMOND,Richmond Lock,228,-0.013865441636487308,-0.02254039668278727,-0.00519048659018735
01_RICHMOND,Richmond Lock,229,-0.00590926419881431,-0.014584219245114268,0.002765690847485649
01_RICHMOND,Richmond Lock,230,0.007158714055728588,-0.0015162409905713709,0.015833669102028547
01_RICHMOND,Richmond Lock,231,0.020889125152797117,0.012214170106497158,0.029564080199097075
01_RICHMOND,Richmond Lock,232,0.009236797077542132,0.0005618420312421737,0.017911752123842092
01_RICHMOND,Richmond Lock,233,0.0033330044638686844,-0.005341950582431274,0.012007959510168642
01_RICHMOND,Richmond Lock,234,0.03578308362211251,0.02710812857581255,0.04445803866841247
01_RICHMOND,Richmond Lock,235,-0.0014020023983093094,-0.010076957444609267,0.007272952647990649
01_RICHMOND,Richmond Lock,236,0.018633491691616783,0.009958536645316825,0.02730844673791674
01_RICHMOND,Richmond Lock,237,0.0028322981597302265,-0.0058426568865697324,0.011507253206030185
01_RICHMOND,Richmond Lock,238,-0.0011923429403743941,-0.009867297986674352,0.007482612105925565
01_RICHMOND,Richmond Lock,239,0.022468679928596396,0.013793724882296438,0.031143634974896355
01_RICHMOND,Richmond Lock,240,0.005798402962625527,-0.002876552083674431,0.014473358008925486
01_RICHMOND,Richmond Lock,241,-0.007934174842317702,-0.01660912988861766,0.0007407802039822563
01_RICHMOND,Richmond Lock,242,0.001471105767458988,-0.00720384927884097,0.010146060813758946
01_RICHMOND,Richmond Lock,243,0.005439312721306537,-0.0032356423249934214,0.014114267767606496
01_RICHMOND,Richmond Lock,244,0.0008764683123313443,-0.0077984867339686145,0.009551423358631303
01_RICHMOND,Richmond Lock,245,-0.02607530889796501,-0.03475026394426497,-0.01740035385166505
01_RICHMOND,Richmond Lock,246,-0.0009908440984998683,-0.009665799144799828,0.00768411094780009
01_RICHMOND,Richmond Lock,247,-0.0018308505892369097,-0.010505805635536868,0.006844104457063049
01_RICHMOND,Richmond Lock,248,-0.014791158219170944,-0.023466113265470902,-0.0061162031728709855
01_RICHMOND,Richmond Lock,249,0.0021577900828834286,-0.0065171649634165295,0.010832745129183387
01_RICHMOND,Richmond Lock,250,-0.005528314920111074,-0.014203269966411032,0.003146640126188885
01_RICHMOND,Richmond Lock,251,-0.0007451026861719137,-0.009420057732471872,0.007929852360128045
01_RICHMOND,Richmond Lock,252,0.003043662862085807,-0.005631292184214151,0.011718617908385767
01_RICHMOND,Richmond Lock,253,0.0008613110907135641,-0.007813643955586395,0.009536266137013522
01_RICHMOND,Richmond Lock,254,0.013405801955115803,0.004730846908815844,0.022080757001415763
01_RICHMOND,Richmond Lock,255,0.007634948696330499,-0.0010400063499694592,0.016309903742630458
01_RICHMOND,Richmond Lock,256,-0.012927511223986355,-0.021602466270286315,-0.004252556177686396
01_RICHMOND,Richmond Lock,257,0.011786935059535533,0.0031119800132355744,0.02046189010583549
01_RICHMOND,Richmond Lock,258,-0.0035942265357009344,-0.012269181582000892,0.0050807285105990245
01_RICHMOND,Richmond Lock,259,0.004664223748134605,-0.0040107312981653535,0.013339178794434563
01_RICHMOND,Richmond Lock,260,0.027252844141864803,0.018577889095564844,0.03592779918816476
01_RICHMOND,Richmond Lock,261,0.032148283930591236,0.023473328884291277,0.04082323897689119
01_RICHMOND,Richmond Lock,262,0.00761216586601236,-0.0010627891802875988,0.016287120912312318
01_RICHMOND,Richmond Lock,263,0.002132056433953211,-0.006542898612346748,0.010807011480253169
01_RICHMOND,Richmond Lock,264,0.07737710609951708,0.06870215105321711,0.08605206114581704
01_RICHMOND,Richmond Lock,265,-0.01957296421535643,-0.028247919261656387,-0.01089800916905647
01_RICHMOND,Richmond Lock,266,-0.0020044201519214522,-0.010679375198221411,0.006670534894378506
01_RICHMOND,Richmond Lock,267,-0.006158033830146998,-0.014832988876446957,0.00251692121615296
01_RICHMOND,Richmond Lock,268,0.01063639160337406,0.001961436557074101,0.019311346649674016
01_RICHMOND,Richmond Lock,269,-0.004196380428837297,-0.012871335475137255,0.004478574617462662
01_RICHMOND,Richmond Lock,270,0.007664672242823489,-0.0010102828034764698,0.016339627289123446
01_RICHMOND,Richmond Lock,271,-0.006542208413487519,-0.015217163459787478,0.002132746632812439
01_RICHMOND,Richmond Lock,272,0.015735725386530487,0.007060770340230529,0.024410680432830446
01_RICHMOND,Richmond Lock,273,0.0011503213383144415,-0.007524633707985517,0.0098252763846144
01_RICHMOND,Richmond Lock,274,-0.017572885127340027,-0.026247840173639986,-0.008897930081040069
01_RICHMOND,Richmond Lock,275,0.026362293616722373,0.017687338570422415,0.03503724866302233
01_RICHMOND,Richmond Lock,276,-0.015054846784480078,-0.023729801830780037,-0.00637989173818012
01_RICHMOND,Richmond Lock,277,-0.00015592818413329333,-0.008830883230433252,0.008519026862166665
01_RICHMOND,Richmond Lock,278,0.007516618175381548,-0.0011583368709184106,0.016191573221681507
01_RICHMOND,Richmond Lock,279,-0.015141150934327337,-0.023816105980627295,-0.006466195888027378
01_RICHMOND,Richmond Lock,280,0.007688025845356423,-0.0009869292009435354,0.01636298089165638
01_RICHMOND,Richmond Lock,281,-0.001120039316613323,-0.00979499436291328,0.0075549157296866355
01_RICHMOND,Richmond Lock,282,-0.0008996002940438633,-0.009574555340343821,0.007775354752256095
01_RICHMOND,Richmond Lock,283,-0.014694685719806847,-0.023369640766106807,-0.006019730673506888
01_RICHMOND,Richmond Lock,284,-0.01490735547522774,-0.023582310521527698,-0.006232400428927781
01_RICHMOND,Richmond Lock,285,-0.016241954251358562,-0.02491690929765852,-0.007566999205058603
01_RICHMOND,Richmond Lock,286,0.011479262629054904,0.0028043075827549457,0.020154217675354864
01_RICHMOND,Richmond Lock,287,-0.018079456669548286,-0.026754411715848244,-0.009404501623248327
01_RICHMOND,Richmond Lock,288,-0.004441737700628973,-0.013116692746928931,0.004233217345670986
04_CHARLTON,Charlton (Cory's),0,1.0,1.0,1.0
04_CHARLTON,Charlton (Cory's),1,0.9956621325357127,0.9833355588117321,1.0079887062596933
04_CHARLTON,Charlton (Cory's),2,-0.8341040872220546,-0.8464306609460353,-0.821777513498074
04_CHARLTON,Charlton (Cory's),3,-0.3373140508619707,-0.3496406245859513,-0.3249874771379901
04_CHARLTON,Charlton (Cory's),4,-0.43679615439251346,-0.44912272811649406,-0.42446958066853285
04_CHARLTON,Charlton (Cory's),5,-0.2472269144742152,-0.2595534881981958,-0.2349003407502346
04_CHARLTON,Charlton (Cory's),6,-0.20841888276856071,-0.2207454564925413,-0.19609230904458014
04_CHARLTON,Charlton (Cory's),7,-0.11695107353741566,-0.12927764726139623,-0.10462449981343507
04_CHARLTON,Charlton (Cory's),8,-0.059375559378750054,-0.07170213310273064,-0.04704898565476946
04_CHARLTON,Charlton (Cory's),9,-0.032081103521791644,-0.04440767724577223,-0.019754529797811057
04_CHARLTON,Charlton (Cory's),10,0.0035802404470959867,-0.0087463332768846,0.015906814171076575
04_CHARLTON,Charlton (Cory's),11,-0.012257899880700593,-0.024584473604681183,6.867384327999444e-05
04_CHARLTON,Charlton (Cory's),12,-0.020024486944120005,-0.03235106066810059,-0.007697913220139418
04_CHARLTON,Charlton (Cory's),13,-0.04298518860238908,-0.05531176232636967,-0.03065861487840849
04_CHARLTON,Charlton (Cory's),14,-0.06508335167597196,-0.07740992539995255,-0.052756777951991365
04_CHARLTON,Charlton (Cory's),15,-0.08134368763198405,-0.09367026135596464,-0.06901711390800346
04_CHARLTON,Charlton (Cory's),16,-0.09862202752717232,-0.11094860125115291,-0.08629545380319173
04_CHARLTON,Charlton (Cory's),17,-0.10550942346824772,-0.11783599719222831,-0.09318284974426713
04_CHARLTON,Charlton (Cory's),18,-0.10975375547720871,-0.1220803292011893,-0.09742718175322812
04_CHARLTON,Charlton (Cory's),19,-0.09938676721830651,-0.1117133409422871,-0.08706019349432592
04_CHARLTON,Charlton (Cory's),20,-0.10651771046403337,-0.11884428418801396,-0.09419113674005278
04_CHARLTON,Charlton (Cory's),21,-0.07784639973484808,-0.09017297345882867,-0.06551982601086749
04_CHARLTON,Charlton (Cory's),22,-0.0756188662018602,-0.0879454399258408,-0.06329229247787961
04_CHARLTON,Charlton (Cory's),23,-0.06685872318299389,-0.07918529690697448,-0.0545321494590133
04_CHARLTON,Charlton (Cory's),24,-0.04076972745713308,-0.053096301181113664,-0.028443153733152492
04_CHARLTON,Charlton (Cory's),25,-0.03747299729776556,-0.04979957102174615,-0.025146423573784975
04_CHARLTON,Charlton (Cory's),26,-0.019871656686727072,-0.03219823041070766,-0.007545082962746485
04_CHARLTON,Charlton (Cory's),27,-0.01548128292794782,-0.027807856651928406,-0.0031547092039672323
04_CHARLTON,Charlton (Cory's),28,8.618467028364945e-05,-0.012240389053696938,0.012412758394264237
04_CHARLTON,Charlton (Cory's),29,-0.015871657749423083,-0.02819823147340367,-0.0035450840254424958
04_CHARLTON,Charlton (Cory's),30,0.012835413768565488,0.0005088400445849,0.025161987492546077
04_CHARLTON,Charlton (Cory's),31,-0.005755293367200811,-0.018081867091181397,0.006571280356779776
04_CHARLTON,Charlton (Cory's),32,0.01061302573192392,-0.001713547992056667,0.022939599455904507
04_CHARLTON,Charlton (Cory's),33,0.0048045290590541,-0.0075220446649264874,0.017131102783034688
04_CHARLTON,Charlton (Cory's),34,0.014755600233734378,0.0024290265097537903,0.027082173957714964
04_CHARLTON,Charlton (Cory's),35,0.013029040298971152,0.0007024665749905644,0.02535561402295174
04_CHARLTON,Charlton (Cory's),36,0.018920418397068015,0.0065938446730874276,0.031246992121048603
04_CHARLTON,Charlton (Cory's),37,0.021134106844925477,0.008807533120944889,0.03346068056890607
04_CHARLTON,Charlton (Cory's),38,0.029562329008097788,0.0172357552841172,0.041888902732078376
04_CHARLTON,Charlton (Cory's),39,0.03157740012897716,0.019250826404996573,0.043903973852957745
04_CHARLTON,Charlton (Cory's),40,0.04041753753045606,0.02809096380647547,0.05274411125443665
04_CHARLTON,Charlton (Cory's),41,0.03402051253778545,0.021693938813804863,0.046347086261766035
04_CHARLTON,Charlton (Cory's),42,0.041283571766903664,0.028956998042923076,0.05361014549088425
04_CHARLTON,Charlton (Cory's),43,0.03456561689295922,0.022239043168978633,0.046892190616939805
04_CHARLTON,Charlton (Cory's),44,0.015220331300930662,0.002893757576950075,0.02754690502491125
04_CHARLTON,Charlton (Cory's),45,0.028388755040918652,0.016062181316938064,0.040715328764899236
04_CHARLTON,Charlton (Cory's),46,0.003228823808264195,-0.009097749915716392,0.015555397532244783
04_CHARLTON,Charlton (Cory's),47,0.001307985639029126,-0.011018588084951462,0.013634559363009714
04_CHARLTON,Charlton (Cory's),48,-0.004881189505283114,-0.017207763229263703,0.0074453842186974735
04_CHARLTON,Charlton (Cory's),49,-0.010433046925810843,-0.02275962064979143,0.0018935267981697451
04_CHARLTON,Charlton (Cory's),50,-0.01185214755845303,-0.02417872128243362,0.00047442616552755695
04_CHARLTON,Charlton (Cory's),51,-0.017328118296745652,-0.02965469202072624,-0.005001544572765065
04_CHARLTON,Charlton (Cory's),52,0.0011440321053353595,-0.011182541618645228,0.013470605829315948
04_CHARLTON,Charlton (Cory's),53,0.0019642975069675576,-0.01036227621701303,0.014290871230948146
04_CHARLTON,Charlton (Cory's),54,0.02609417172735824,0.013767598003377651,0.03842074545133883
04_CHARLTON,Charlton (Cory's),55,0.02573959230029688,0.013413018576316292,0.03806616602427747
04_CHARLTON,Charlton (Cory's),56,0.05836731293526303,0.04604073921128245,0.07069388665924362
04_CHARLTON,Charlton (Cory's),57,0.05283267000256349,0.0405060962785829,0.06515924372654408
04_CHARLTON,Charlton (Cory's),58,0.08296644635571719,0.0706398726317366,0.09529302007969778
04_CHARLTON,Charlton (Cory's),59,0.07757476699963724,0.06524819327565665,0.08990134072361783
04_CHARLTON,Charlton (Cory's),60,0.07176699002966339,0.059440416305682794,0.08409356375364398
04_CHARLTON,Charlton (Cory's),61,0.08574579425647086,0.07341922053249027,0.09807236798045145
04_CHARLTON,Charlton (Cory's),62,0.0903572304967402,0.07803065677275961,0.10268380422072079
04_CHARLTON,Charlton (Cory's),63,0.044631039619855574,0.03230446589587499,0.05695761334383616
04_CHARLTON,Charlton (Cory's),64,0.07930217819866331,0.06697560447468272,0.0916287519226439
04_CHARLTON,Charlton (Cory's),65,0.03357053955502547,0.021243965831044886,0.04589711327900606
04_CHARLTON,Charlton (Cory's),66,0.03228148089759751,0.019954907173616924,0.0446080546215781
04_CHARLTON,Charlton (Cory's),67,0.0065453123083107955,-0.005781261415669792,0.018871886032291382
04_CHARLTON,Charlton (Cory's),68,-0.012326345099539174,-0.024652918823519762,2.2862444141319438e-07
04_CHARLTON,Charlton (Cory's),69,-0.03460835220727806,-0.04693492593125864,-0.02228177848329747
04_CHARLTON,Charlton (Cory's),70,-0.05235599929533899,-0.06468257301931958,-0.0400294255713584
04_CHARLTON,Charlton (Cory's),71,-0.06627610953099555,-0.07860268325497614,-0.05394953580701496
04_CHARLTON,Charlton (Cory's),72,-0.08137648141046092,-0.0937030551344415,-0.06904990768648032
04_CHARLTON,Charlton (Cory's),73,-0.08839170501686364,-0.10071827874084423,-0.07606513129288305
04_CHARLTON,Charlton (Cory's),74,-0.08038205279687582,-0.09270862652085642,-0.06805547907289523
04_CHARLTON,Charlton (Cory's),75,-0.08419593332971688,-0.09652250705369747,-0.07186935960573629
04_CHARLTON,Charlton (Cory's),76,-0.06418606910484179,-0.07651264282882238,-0.051859495380861195
04_CHARLTON,Charlton (Cory's),77,-0.05246085512157806,-0.06478742884555865,-0.04013428139759748
04_CHARLTON,Charlton (Cory's),78,-0.02528948775403879,-0.03761606147801938,-0.012962914030058201
04_CHARLTON,Charlton (Cory's),79,-0.004553870554833366,-0.016880444278813952,0.007772703169147222
04_CHARLTON,Charlton (Cory's),80,0.017258755727378606,0.004932182003398018,0.029585329451359194
04_CHARLTON,Charlton (Cory's),81,0.033475991126068874,0.021149417402088286,0.045802564850049465
04_CHARLTON,Charlton (Cory's),82,0.04737060929452188,0.035044035570541296,0.059697183018502464
04_CHARLTON,Charlton (Cory's),83,0.05013679185296812,0.037810218128987536,0.062463365576948704
04_CHARLTON,Charlton (Cory's),84,0.06239664823833647,0.05007007451435588,0.07472322196231705
04_CHARLTON,Charlton (Cory's),85,0.021226071205546263,0.008899497481565675,0.03355264492952685
04_CHARLTON,Charlton (Cory's),86,0.052680154530098056,0.040353580806117464,0.06500672825407865
04_CHARLTON,Charlton (Cory's),87,0.007954855928212332,-0.004371717795768256,0.02028142965219292
04_CHARLTON,Charlton (Cory's),88,0.020818552176209346,0.008491978452228759,0.033145125900189934
04_CHARLTON,Charlton (Cory's),89,-0.00655038239532377,-0.01887695611930436,0.005776191328656818
04_CHARLTON,Charlton (Cory's),90,0.005609146181988214,-0.0067174275419923735,0.017935719905968803
04_CHARLTON,Charlton (Cory's),91,-0.04140053871846146,-0.05372711244244205,-0.02907396499448087
04_CHARLTON,Charlton (Cory's),92,-0.006605805467715383,-0.01893237919169597,0.005720768256265205
04_CHARLTON,Charlton (Cory's),93,-0.038782446951336355,-0.051109020675316946,-0.026455873227355767
04_CHARLTON,Charlton (Cory's),94,-0.011847683014480363,-0.02417425673846095,0.0004788907095002251
04_CHARLTON,Charlton (Cory's),95,-0.03204964178810069,-0.04437621551208128,-0.019723068064120105
04_CHARLTON,Charlton (Cory's),96,-0.017061081355125376,-0.029387655079105963,-0.004734507631144788
04_CHARLTON,Charlton (Cory's),97,-0.019939816023577982,-0.03226638974755857,-0.007613242299597395
04_CHARLTON,Charlton (Cory's),98,-0.01678138917377095,-0.029107962897751537,-0.004454815449790362
04_CHARLTON,Charlton (Cory's),99,-0.014614554553812357,-0.026941128277792943,-0.0022879808298317695
04_CHARLTON,Charlton (Cory's),100,-0.011001615521735637,-0.023328189245716224,0.001324958202244951
04_CHARLTON,Charlton (Cory's),101,-0.006599056864156192,-0.01892563058813678,0.005727516859824396
04_CHARLTON,Charlton (Cory's),102,-0.007204125658418644,-0.019530699382399232,0.005122448065561944
04_CHARLTON,Charlton (Cory's),103,-0.0009413622028073428,-0.013267935926787931,0.011385211521173244
04_CHARLTON,Charlton (Cory's),104,-0.004270444260623411,-0.016597017984603998,0.008056129463357178
04_CHARLTON,Charlton (Cory's),105,-0.0027778302284058648,-0.015104403952386453,0.009548743495574722
04_CHARLTON,Charlton (Cory's),106,0.001349349249317882,-0.010977224474662706,0.01367592297329847
04_CHARLTON,Charlton (Cory's),107,-0.016050557003705408,-0.028377130727685995,-0.00372398327972482
04_CHARLTON,Charlton (Cory's),108,0.0015237738886306588,-0.010802799835349928,0.013850347612611247
04_CHARLTON,Charlton (Cory's),109,-0.009767372606277906,-0.022093946330258494,0.0025592011177026815
04_CHARLTON,Charlton (Cory's),110,-0.002804333471223766,-0.015130907195204353,0.009522240252756822
04_CHARLTON,Charlton (Cory's),111,0.000679470100558125,-0.011647103623422462,0.013006043824538713
04_CHARLTON,Charlton (Cory's),112,0.002651216230266671,-0.009675357493713916,0.01497778995424726
04_CHARLTON,Charlton (Cory's),113,-0.002260163425564353,-0.014586737149544941,0.010066410298416234
04_CHARLTON,Charlton (Cory's),114,0.00922441739008728,-0.003102156333893307,0.021550991114067868
04_CHARLTON,Charlton (Cory's),115,0.00823275706961498,-0.004093816654365607,0.02055933079359557
04_CHARLTON,Charlton (Cory's),116,0.013825615136311855,0.0014990414123312677,0.02615218886029244
04_CHARLTON,Charlton (Cory's),117,0.021430274866457613,0.009103701142477025,0.033756848590438204
04_CHARLTON,Charlton (Cory's),118,0.020558388147523397,0.008231814423542809,0.032884961871503984
04_CHARLTON,Charlton (Cory's),119,0.02838087488817869,0.016054301164198103,0.040707448612159275
04_CHARLTON,Charlton (Cory's),120,0.01970960120719066,0.007383027483210073,0.03203617493117125
04_CHARLTON,Charlton (Cory's),121,0.024934815271649917,0.01260824154766933,0.0372613889956305
04_CHARLTON,Charlton (Cory's),122,0.021917941156437287,0.009591367432456699,0.034244514880417874
04_CHARLTON,Charlton (Cory's),123,0.005447385773415293,-0.006879187950565295,0.01777395949739588
04_CHARLTON,Charlton (Cory's),124,0.03588255854893862,0.02355598482495803,0.0482091322729192
04_CHARLTON,Charlton (Cory's),125,0.030349932292339628,0.01802335856835904,0.04267650601632021
04_CHARLTON,Charlton (Cory's),126,0.013259948346267975,0.0009333746222873873,0.025586522070248564
04_CHARLTON,Charlton (Cory's),127,0.031644231395387995,0.019317657671407407,0.043970805119368586
04_CHARLTON,Charlton (Cory's),128,0.010530269073313335,-0.001796304650667253,0.02285684279729392
04_CHARLTON,Charlton (Cory's),129,0.02555400082834408,0.013227427104363493,0.03788057455232467
04_CHARLTON,Charlton (Cory's),130,0.025211557195437224,0.012884983471456637,0.03753813091941781
04_CHARLTON,Charlton (Cory's),131,0.03129065399909858,0.018964080275117996,0.043617227723079174
04_CHARLTON,Charlton (Cory's),132,0.023162666687871755,0.010836092963891167,0.03548924041185234
04_CHARLTON,Charlton (Cory's),133,0.03285248449238781,0.020525910768407225,0.0451790582163684
04_CHARLTON,Charlton (Cory's),134,0.036044916080898916,0.023718342356918328,0.0483714898048795
04_CHARLTON,Charlton (Cory's),135,0.00208472539287912,-0.010241848331101467,0.014411299116859708
04_CHARLTON,Charlton (Cory's),136,0.04071628649912029,0.028389712775139703,0.05304286022310088
04_CHARLTON,Charlton (Cory's),137,0.013875897084443712,0.0015493233604631246,0.0262024708084243
04_CHARLTON,Charlton (Cory's),138,0.02514511118667597,0.012818537462695383,0.037471684910656555
04_CHARLTON,Charlton (Cory's),139,0.022884535349096242,0.010557961625115655,0.03521110907307683
04_CHARLTON,Charlton (Cory's),140,-0.0027660084627212575,-0.015092582186701845,0.00956056526125933
04_CHARLTON,Charlton (Cory's),141,0.024442970820158134,0.012116397096177546,0.03676954454413872
04_CHARLTON,Charlton (Cory's),142,-0.0014341322233906127,-0.0137607059473712,0.010892441500589975
04_CHARLTON,Charlton (Cory's),143,-0.0014293336271848068,-0.013755907351165395,0.01089724009679578
04_CHARLTON,Charlton (Cory's),144,-0.009231716406864304,-0.02155829013084489,0.003094857317116284
04_CHARLTON,Charlton (Cory's),145,0.014016323370171623,0.0016897496461910355,0.02634289709415221
04_CHARLTON,Charlton (Cory's),146,-0.05366113483690592,-0.06598770856088651,-0.04133456111292533
04_CHARLTON,Charlton (Cory's),147,-0.057300938712896064,-0.06962751243687665,-0.04497436498891548
04_CHARLTON,Charlton (Cory's),148,-0.024679632594441718,-0.0370062063184223,-0.01235305887046113
04_CHARLTON,Charlton (Cory's),149,-0.05098197111035107,-0.06330854483433165,-0.038655397386370485
04_CHARLTON,Charlton (Cory's),150,-0.03262596653824472,-0.04495254026222531,-0.02029939281426413
04_CHARLTON,Charlton (Cory's),151,-0.026506532138128362,-0.038833105862108946,-0.014179958414147775
04_CHARLTON,Charlton (Cory's),152,-0.014096299176948757,-0.026422872900929345,-0.0017697254529681697
04_CHARLTON,Charlton (Cory's),153,0.004023272094011733,-0.008303301629968854,0.01634984581799232
04_CHARLTON,Charlton (Cory's),154,0.013158280777330325,0.0008317070533497371,0.02548485450131091
04_CHARLTON,Charlton (Cory's),155,0.03057126753957171,0.018244693815591122,0.0428978412635523
04_CHARLTON,Charlton (Cory's),156,0.03371006937280009,0.021383495648819504,0.04603664309678068
04_CHARLTON,Charlton (Cory's),157,0.04461683781753235,0.03229026409355176,0.05694341154151293
04_CHARLTON,Charlton (Cory's),158,0.0413053689241241,0.02897879520014351,0.05363194264810468
04_CHARLTON,Charlton (Cory's),159,0.04432955144880678,0.03200297772482619,0.05665612517278737
04_CHARLTON,Charlton (Cory's),160,0.03857516252171346,0.026248588797732873,0.05090173624569405
04_CHARLTON,Charlton (Cory's),161,0.03477966079177287,0.022453087067792286,0.047106234515753465
04_CHARLTON,Charlton (Cory's),162,0.03267493554048841,0.020348361816507825,0.045001509264469
04_CHARLTON,Charlton (Cory's),163,0.028845608517100513,0.016519034793119926,0.0411721822410811
04_CHARLTON,Charlton (Cory's),164,0.02500985655862863,0.012683282834648042,0.03733643028260922
04_CHARLTON,Charlton (Cory's),165,0.01960674769024044,0.007280173966259851,0.031933321414221026
04_CHARLTON,Charlton (Cory's),166,0.024458413279276114,0.012131839555295527,0.036784987003256706
04_CHARLTON,Charlton (Cory's),167,0.020736384556241445,0.008409810832260858,0.03306295828022203
04_CHARLTON,Charlton (Cory's),168,0.02107388913022572,0.008747315406245133,0.03340046285420631
04_CHARLTON,Charlton (Cory's),169,0.027030549255738993,0.014703975531758406,0.03935712297971958
04_CHARLTON,Charlton (Cory's),170,0.018871629257074078,0.0065450555330934905,0.031198202981054666
04_CHARLTON,Charlton (Cory's),171,0.023809856671866355,0.011483282947885767,0.03613643039584694
04_CHARLTON,Charlton (Cory's),172,0.01455551268512038,0.0022289389611397925,0.026882086409100968
04_CHARLTON,Charlton (Cory's),173,0.017286967688780384,0.004960393964799796,0.02961354141276097
04_CHARLTON,Charlton (Cory's),174,0.0017151004265688484,-0.010611473297411739,0.014041674150549436
04_CHARLTON,Charlton (Cory's),175,0.018644822049412164,0.006318248325431576,0.03097139577339275
04_CHARLTON,Charlton (Cory's),176,-0.002743328910682453,-0.01506990263466304,0.009583244813298135
04_CHARLTON,Charlton (Cory's),177,0.011136140852821219,-0.0011904328711593685,0.023462714576801807
04_CHARLTON,Charlton (Cory's),178,-0.01495645897678991,-0.027283032700770496,-0.0026298852528093223
04_CHARLTON,Charlton (Cory's),179,0.0020790150190528266,-0.01024755870492776,0.014405588743033415
04_CHARLTON,Charlton (Cory's),180,-0.014727598144189315,-0.027054171868169902,-0.002401024420208727
04_CHARLTON,Charlton (Cory's),181,-0.011858005888867254,-0.02418457961284784,0.000468567835113334
04_CHARLTON,Charlton (Cory's),182,-0.01023756161879036,-0.02256413534277095,0.0020890121051902275
04_CHARLTON,Charlton (Cory's),183,-0.016184612053995937,-0.028511185777976525,-0.0038580383300153495
04_CHARLTON,Charlton (Cory's),184,-0.01869803995473197,-0.031024613678712558,-0.0063714662307513825
04_CHARLTON,Charlton (Cory's),185,-0.016828245671018975,-0.029154819394999563,-0.0045016719470383874
04_CHARLTON,Charlton (Cory's),186,-0.023186843359478362,-0.035513417083458954,-0.010860269635497775
04_CHARLTON,Charlton (Cory's),187,-0.021585380852742485,-0.03391195457672307,-0.009258807128761898
04_CHARLTON,Charlton (Cory's),188,-0.026174765447072798,-0.03850133917105339,-0.01384819172309221
04_CHARLTON,Charlton (Cory's),189,-0.021870185608101375,-0.034196759332081966,-0.009543611884120787
04_CHARLTON,Charlton (Cory's),190,-0.021271986196568664,-0.03359855992054925,-0.008945412472588076
04_CHARLTON,Charlton (Cory's),191,-0.021779589321715444,-0.03410616304569603,-0.009453015597734857
04_CHARLTON,Charlton (Cory's),192,-0.018103622255759604,-0.030430195979740192,-0.0057770485317790166
04_CHARLTON,Charlton (Cory's),193,-0.021829740936013572,-0.034156314659994164,-0.009503167212032985
04_CHARLTON,Charlton (Cory's),194,-0.011895168866993457,-0.024221742590974045,0.0004314048569871304
04_CHARLTON,Charlton (Cory's),195,-0.01867826147279955,-0.03100483519678014,-0.006351687748818963
04_CHARLTON,Charlton (Cory's),196,-0.004265877407273491,-0.016592451131254078,0.008060696316707097
04_CHARLTON,Charlton (Cory's),197,-0.0319492448672243,-0.044275818591204885,-0.019622671143243713
04_CHARLTON,Charlton (Cory's),198,0.0006644020680083775,-0.01166217165597221,0.012990975791988966
04_CHARLTON,Charlton (Cory's),199,-0.021654330616526496,-0.03398090434050709,-0.009327756892545908
04_CHARLTON,Charlton (Cory's),200,-0.020969647588475936,-0.03329622131245652,-0.008643073864495348
04_CHARLTON,Charlton (Cory's),201,-0.010654212527661966,-0.022980786251642554,0.0016723611963186218
04_CHARLTON,Charlton (Cory's),202,-0.019503187703488523,-0.031829761427469114,-0.007176613979507935
04_CHARLTON,Charlton (Cory's),203,-0.013883672949567322,-0.02621024667354791,-0.0015570992255867343
04_CHARLTON,Charlton (Cory's),204,-0.022414159710374654,-0.03474073343435524,-0.010087585986394067
04_CHARLTON,Charlton (Cory's),205,-0.01607367361113511,-0.0284002473351157,-0.0037470998871545237
04_CHARLTON,Charlton (Cory's),206,-0.018884896282866735,-0.031211470006847323,-0.0065583225588861475
04_CHARLTON,Charlton (Cory's),207,-0.02118777095363858,-0.03351434467761917,-0.008861197229657992
04_CHARLTON,Charlton (Cory's),208,-0.019458083843381484,-0.03178465756736207,-0.007131510119400896
04_CHARLTON,Charlton (Cory's),209,-0.02224370185114734,-0.03457027557512793,-0.009917128127166754
04_CHARLTON,Charlton (Cory's),210,-0.02784488100275148,-0.04017145472673207,-0.015518307278770894
04_CHARLTON,Charlton (Cory's),211,-0.02137454374429401,-0.0337011174682746,-0.009047970020313423
04_CHARLTON,Charlton (Cory's),212,-0.023459944172490015,-0.0357865178964706,-0.011133370448509428
04_CHARLTON,Charlton (Cory's),213,-0.01832082430542276,-0.030647398029403347,-0.005994250581442172
04_CHARLTON,Charlton (Cory's),214,-0.013763923167495256,-0.026090496891475842,-0.0014373494435146687
04_CHARLTON,Charlton (Cory's),215,-0.0099081149268635,-0.02223468865084409,0.0024184587971170877
04_CHARLTON,Charlton (Cory's),216,0.002919728484316744,-0.009406845239663843,0.015246302208297332
04_CHARLTON,Charlton (Cory's),217,0.006184183958361259,-0.006142389765619329,0.018510757682341845
04_CHARLTON,Charlton (Cory's),218,0.010707832176897183,-0.0016187415470834046,0.02303440590087777
04_CHARLTON,Charlton (Cory's),219,0.018069444082989602,0.005742870359009014,0.03039601780697019
04_CHARLTON,Charlton (Cory's),220,0.015716214362957157,0.003389640638976569,0.028042788086937744
04_CHARLTON,Charlton (Cory's),221,0.02302691574850053,0.010700342024519943,0.03535348947248112
04_CHARLTON,Charlton (Cory's),222,0.017421070424399967,0.005094496700419379,0.029747644148380555
04_CHARLTON,Charlton (Cory's),223,0.020001644634826267,0.007675070910845679,0.03232821835880685
04_CHARLTON,Charlton (Cory's),224,0.018142789264506715,0.005816215540526127,0.030469362988487302
04_CHARLTON,Charlton (Cory's),225,0.02193310863300649,0.009606534909025903,0.03425968235698708
04_CHARLTON,Charlton (Cory's),226,0.02039616679862842,0.008069593074647833,0.03272274052260901
04_CHARLTON,Charlton (Cory's),227,0.021600094929580586,0.009273521205599999,0.03392666865356117
04_CHARLTON,Charlton (Cory's),228,0.020318227005160772,0.007991653281180185,0.03264480072914136
04_CHARLTON,Charlton (Cory's),229,0.014677053112119913,0.0023504793881393253,0.0270036268361005
04_CHARLTON,Charlton (Cory's),230,0.020631815974578502,0.008305242250597915,0.03295838969855909
04_CHARLTON,Charlton (Cory's),231,0.00933570323278688,-0.002990870491193707,0.02166227695676747
04_CHARLTON,Charlton (Cory's),232,0.017896426000744075,0.005569852276763487,0.030222999724724663
04_CHARLTON,Charlton (Cory's),233,-0.018258743778195946,-0.030585317502176534,-0.005932170054215358
04_CHARLTON,Charlton (Cory's),234,0.0075845524321769935,-0.004742021291803594,0.01991112615615758
04_CHARLTON,Charlton (Cory's),235,-0.017575728245459034,-0.02990230196943962,-0.005249154521478446
04_CHARLTON,Charlton (Cory's),236,-0.0024754181332224496,-0.014801991857203038,0.009851155590758137
04_CHARLTON,Charlton (Cory's),237,-0.016146162166712334,-0.02847273589069292,-0.003819588442731746
04_CHARLTON,Charlton (Cory's),238,-0.008861909246745086,-0.021188482970725675,0.003464664477235502
04_CHARLTON,Charlton (Cory's),239,-0.010508343505408732,-0.02283491722938932,0.0018182302185718556
04_CHARLTON,Charlton (Cory's),240,-0.0037365734366469217,-0.01606314716062751,0.008590000287333666
04_CHARLTON,Charlton (Cory's),241,-0.0037694131099866666,-0.016095986833967256,0.008557160613993921
04_CHARLTON,Charlton (Cory's),242,0.005677723251706988,-0.0066488504722736,0.018004296975687575
04_CHARLTON,Charlton (Cory's),243,0.008523751056072807,-0.0038028226679077803,0.020850324780053393
04_CHARLTON,Charlton (Cory's),244,0.007614801037258602,-0.004711772686721986,0.019941374761239188
04_CHARLTON,Charlton (Cory's),245,0.011369269569617275,-0.0009573041543633129,0.023695843293597862
04_CHARLTON,Charlton (Cory's),246,0.012574563188144636,0.000247989464164048,0.024901136912125223
04_CHARLTON,Charlton (Cory's),247,0.01227626035587242,-5.031336810816696e-05,0.02460283407985301
04_CHARLTON,Charlton (Cory's),248,0.011103929704100788,-0.0012226440198797994,0.023430503428081374
04_CHARLTON,Charlton (Cory's),249,0.015295919552559158,0.0029693458285785703,0.027622493276539747
04_CHARLTON,Charlton (Cory's),250,0.009714003684993831,-0.0026125700389867564,0.02204057740897442
04_CHARLTON,Charlton (Cory's),251,0.010884646968525454,-0.0014419267554551338,0.023211220692506043
04_CHARLTON,Charlton (Cory's),252,0.007872461663751199,-0.004454112060229389,0.020199035387731788
04_CHARLTON,Charlton (Cory's),253,0.008969428363162654,-0.0033571453608179334,0.021296002087143242
04_CHARLTON,Charlton (Cory's),254,0.0003627882645780267,-0.01196378545940256,0.012689361988558615
04_CHARLTON,Charlton (Cory's),255,0.014633081931708493,0.002306508207727905,0.02695965565568908
04_CHARLTON,Charlton (Cory's),256,-0.003492903634504444,-0.015819477358485032,0.008833670089476144
04_CHARLTON,Charlton (Cory's),257,0.008419585215106955,-0.003906988508873633,0.020746158939087544
04_CHARLTON,Charlton (Cory's),258,0.0009092806539212715,-0.011417293070059316,0.01323585437790186
04_CHARLTON,Charlton (Cory's),259,-0.007007919355770519,-0.019334493079751106,0.005318654368210068
04_CHARLTON,Charlton (Cory's),260,0.006299962167668517,-0.0060266115563120705,0.018626535891649105
04_CHARLTON,Charlton (Cory's),261,-0.006337439107556802,-0.018664012831537388,0.005989134616423785
04_CHARLTON,Charlton (Cory's),262,0.00540055196273004,-0.006926021761250548,0.01772712568671063
04_CHARLTON,Charlton (Cory's),263,-0.0048649557723870985,-0.017191529496367687,0.007461617951593489
04_CHARLTON,Charlton (Cory's),264,0.0013639885976274382,-0.010962585126353149,0.013690562321608027
04_CHARLTON,Charlton (Cory's),265,0.0013476384852410808,-0.010978935238739506,0.01367421220922167
04_CHARLTON,Charlton (Cory's),266,0.007092691850371214,-0.005233881873609373,0.0194192655743518
04_CHARLTON,Charlton (Cory's),267,0.0015596778674467787,-0.01076689585653381,0.013886251591427366
04_CHARLTON,Charlton (Cory's),268,0.006727401183135003,-0.005599172540845585,0.019053974907115592
04_CHARLTON,Charlton (Cory's),269,0.003077585610502178,-0.00924898811347841,0.015404159334482765
04_CHARLTON,Charlton (Cory's),270,0.0028022320573750734,-0.009524341666605514,0.015128805781355661
04_CHARLTON,Charlton (Cory's),271,0.006005257299108882,-0.006321316424871706,0.018331831023089468
04_CHARLTON,Charlton (Cory's),272,0.005364086695326723,-0.006962487028653865,0.01769066041930731
04_CHARLTON,Charlton (Cory's),273,0.0036021438471472334,-0.008724429876833355,0.01592871757112782
04_CHARLTON,Charlton (Cory's),274,0.008506737660959067,-0.0038198360630215204,0.020833311384939657
04_CHARLTON,Charlton (Cory's),275,0.0029144157260069686,-0.00941215799797362,0.015240989449987556
04_CHARLTON,Charlton (Cory's),276,0.009142183969658777,-0.003184389754321811,0.021468757693639366
04_CHARLTON,Charlton (Cory's),277,0.00867022153449641,-0.003656352189484178,0.020996795258476995
04_CHARLTON,Charlton (Cory's),278,0.010221529395124669,-0.0021050443288559186,0.022548103119105257
04_CHARLTON,Charlton (Cory's),279,0.004801546273738087,-0.0075250274502425005,0.017128119997718676
04_CHARLTON,Charlton (Cory's),280,0.006857050150449922,-0.005469523573530666,0.01918362387443051
04_CHARLTON,Charlton (Cory's),281,0.006592006809848855,-0.005734566914131733,0.018918580533829443
04_CHARLTON,Charlton (Cory's),282,0.00021135734701830975,-0.012115216376962277,0.012537931070998898
04_CHARLTON,Charlton (Cory's),283,0.0032908620452660664,-0.00903571167871452,0.015617435769246655
04_CHARLTON,Charlton (Cory's),284,-0.005206406104747832,-0.01753297982872842,0.0071201676192327555
04_CHARLTON,Charlton (Cory's),285,-0.0017594688824373722,-0.01408604260641796,0.010567104841543216
04_CHARLTON,Charlton (Cory's),286,-0.005037632666958574,-0.017364206390939163,0.007288941057022014
04_CHARLTON,Charlton (Cory's),287,-0.0003859198107707544,-0.012712493534751342,0.011940653913209833
04_CHARLTON,Charlton (Cory's),288,-0.005392878714374978,-0.017719452438355564,0.00693369500960561
